block_number,block_time,bnb_usd_price,coll_tokens,debt_tokens,num_liquidations,oev_bid_bnb,oev_bid_usd,oev_provider,oev_to_collateral_ratio,total_coll_seized_usd,total_debt_repaid_usd,tx_hash
82029241,2026-02-18 23:55:02.000 UTC,605.36,vBNB,vUSDT,1,5.7562377035059e-05,0.034845960561943314,RedStone,0.039876044880297244,0.8738569902443034,0.7944064167038789,0xa4a5d4630c79c033a28dafaa2aa1363deaff751bde8fa8d747e56adb63c57e61
82028836,2026-02-18 23:52:00.000 UTC,605.21,vBNB,vUSDT,1,9.5313951483507e-05,0.057684956577333274,RedStone,0.0399042204837496,1.445585351073945,1.3141535764621997,0x7135bcb12ec586bd107c480e5a4725e7d959b104c41f5175d22a2dae40bfa66a
82021854,2026-02-18 22:59:38.000 UTC,605.53,vBNB,vUSDT,1,0.000155523188425375,0.09417395628721731,RedStone,0.03931794066621415,2.3951904573715597,2.177420586042327,0x61b0cb7c233ccecd08542bfddc98d7c5d2cb3963d0b5f4c9ab1dbff006c961da
81956184,2026-02-18 14:47:06.000 UTC,611.06,vDOT,vUSDT,1,2.44792721917e-05,0.0149583040654602,Chainlink,0.007266781726882622,2.05844961740404,1.8713179733887717,0x752f0768e8316c1cb49d60f915bfc21314b079b275fc536dc97c66917aeb30e5
81955879,2026-02-18 14:44:49.000 UTC,611.87,vBNB,vDAI,1,2.51740504087e-05,0.01540324622357127,Chainlink,0.0072820323190891535,2.115240024847614,1.9229198608010631,0xb72c2c3f2df80bf593757423153cb85415d8c6a3ea16a9346a0bb1c91ab4c53f
81955582,2026-02-18 14:42:35.000 UTC,611.87,vDOT,vUSDT,1,2.57050873541e-05,0.015728171799353166,Chainlink,0.014567595948664058,1.0796683169123413,0.9815166372018393,0x95ebec0fc02dfcd330440b9f7b797a878a0b04d5751f7702265b8fcf6d50418c
81955287,2026-02-18 14:40:22.000 UTC,611.87,vDOT,vUSDT,1,2.56840636411e-05,0.015715308020079855,Chainlink,0.007277841393125082,2.1593364256227288,1.9630329990367577,0x3c0cd740b12715347feec0c378b1fba2b32273417323dd87a1a325e967aa3750
81954969,2026-02-18 14:37:59.000 UTC,611.15,vUSDC,vBNB,1,4.2564451198e-06,0.00260132643496577,Chainlink,0.007336354644964734,0.3545802460287516,0.322345360458106,0xbc72be10ab982dccb8bf5049ce1cfc14dabedb74fb37de94d0c8c9492cb844c6
81954667,2026-02-18 14:35:43.000 UTC,611.15,vBTC,vUSDT,1,2.62373066501e-05,0.016034929959208615,Chainlink,0.007272534898836356,2.204861191078545,2.0044318524714404,0xa698afe9fc178fad78ca96b44a2534d5c9d7adf5620eb2044b63f91afbdcf72f
81748368,2026-02-17 12:48:19.000 UTC,621.48,vBNB,vBNB,1,,,none,,17.122217461797913,15.56535644537488,0x5c2f9b03abbe0c0a52e046554a548ec32126095abc0368ccacc8df1ccbc63e66
81578791,2026-02-16 15:36:22.000 UTC,606.45,vDOT,vUSDT,1,,,none,,4380.625605325278,3982.167315696145,0xe0c316855c331878549efb9903b95f310fd9d462a8293c905acdb8bca16328a9
81575851,2026-02-16 15:14:18.000 UTC,615.79,vETH,vUSDT,1,4.144778022262e-06,0.002552312858328717,RedStone,0.039372989911087085,0.06482395327589811,0.05893048044,0xbb0c1971f3cc2caec9e08d05f1a72a4e8a12e9e669abb14522bf33ee1b132ff1
81566304,2026-02-16 14:02:42.000 UTC,616.59,vETH,vUSDT,1,,,none,,1.1656893789524632,1.0597050409870683,0xfc65870ac2a08eee856ce586770df3f94a4d2e16545b4d166dc7caf18a8fd512
81566304,2026-02-16 14:02:42.000 UTC,616.59,vETH,vUSDT,1,,,none,,2.3313787579049263,2.1194100819741366,0x71a23d127ddb11c97eeb4d9cd8bc761b8e015a4943edbc044fad55c4c8c4ada9
81565964,2026-02-16 14:00:09.000 UTC,616.59,vDAI,vUSDT,1,,,none,,2.3607240852357645,2.1457521443979615,0x00ea79c7d95b2914433df95660e6b2fd3267cf90e71e3818c432fd0c926a66f7
81565964,2026-02-16 14:00:09.000 UTC,616.59,vDAI,vUSDT,1,,,none,,1.1803620426178822,1.0728760721989807,0xd2b620074cceac87e5f60facd35b2bbdefcf26f78140dd1f0b0f63e51cc2c032
81565625,2026-02-16 13:57:36.000 UTC,616.28,vBNB,vBCH,1,,,none,,2.384603849774108,2.1677698301250725,0x9c4af88b511adb8ab7cc76600664d664e76d9be9ae33d0a77a13bc489be7b1d0
81565625,2026-02-16 13:57:36.000 UTC,616.28,vBNB,vUSDT,1,,,none,,2.5711073948230765,2.3373146686793307,0x26da303a188a95885bfda8570206464b1083a1d893af6bfb434e46f378e67cfe
81560313,2026-02-16 13:17:46.000 UTC,627.73,vBTC,vDAI,1,,,none,,2.4903171993514643,2.2639367941943824,0x12bf037d87cab697d8496cca63d3682f0da5e28f5d93fc39461c6526e43cb473
81560313,2026-02-16 13:17:46.000 UTC,627.73,"vUSDT, vXVS","vBCH, vUSDT",2,,,none,,5.561326823971642,5.055551198248617,0x4472698231528196e120dd2baa36bb0d192a7eb5d124fd384c6a75c44e506690
81560313,2026-02-16 13:17:46.000 UTC,627.73,vXVS,vBCH,1,,,none,,1.4595649330735747,1.3268772120308547,0xf5eea2016216574d3c45eea2d702fba1a5c87aa5021bf3716928bffc333de02d
81404006,2026-02-15 17:45:16.000 UTC,616.53,vBTC,vUSDT,1,0.005597253775781287,3.450874870382437,Chainlink,0.0133016604830062,259.43188632661094,235.8465409095676,0x2ce14ba45987f035c9e1c2e3a4757fd33c5d9a11e7bf2ebdb55e8b2190acbf8d
81273650,2026-02-15 01:27:29.000 UTC,630.39,vBTC,vUSDT,1,1.2563197658027e-05,0.00791971417164364,Chainlink,0.004461405177969887,1.7751613798160826,1.6137790743710352,0x2f9685c3a48f622b46fec4bafac08f95289293fb061217b58f33d4558b201c36
81273592,2026-02-15 01:27:02.000 UTC,630.39,vBTC,vBNB,1,1.3311321308961e-05,0.008391323839955925,Chainlink,0.004530389471136491,1.8522301213654555,1.6838208001056993,0x5fd789e0ad69e53c8d38401d4d47a824dfca4396fae7eb0b91a0192c331390f2
81273582,2026-02-15 01:26:58.000 UTC,630.39,vBTC,vUSDT,1,1.3990768807697e-05,0.008819640748684111,Chainlink,0.0044745459560746855,1.971069430343091,1.7918746150550804,0xe26967f464346425bc8ca3599d636ecf20f9f35aeec7daeafd3bd39409b97274
81273514,2026-02-15 01:26:27.000 UTC,630.39,vBTC,vUSDT,1,1.5158252764958e-05,0.009555610960501873,Chainlink,0.004483041027555239,2.1315020098562174,1.937710470752373,0xdb982bf91c7e8ba40d44e2ca6ffeffb1de37c50da9375013834f5c4f9c5d14c4
81273206,2026-02-15 01:24:09.000 UTC,633.35,vBTC,vUSDT,1,1.6144096933618e-05,0.01022486379290696,Chainlink,0.0045509844335067315,2.2467367098920743,2.0424662161529437,0x8c38ac231a58da184e39a14b799f8f592178a763f102dff42779ec348de92492
81273159,2026-02-15 01:23:48.000 UTC,633.35,vBTC,vUSDT,1,1.715886953851e-05,0.01086757002221531,Chainlink,0.004550450111362534,2.388240669879853,2.171110034725913,0x2e4045f304bcb075e265da29b51803d3c8e2be2097d65d38c943d659f7f07006
81273088,2026-02-15 01:23:16.000 UTC,633.35,vBTC,vUSDT,1,1.8725998801082e-05,0.011860111340665285,Chainlink,0.004543000447614479,2.610633980213013,2.3732889297254154,0x128b4c9f1f99ba867f72251c7b2d247bc4c9aa96c777edc47c52551d3aab5a0d
81273020,2026-02-15 01:22:45.000 UTC,633.35,vBTC,vUSDT,1,1.8887749060208e-05,0.011962555867282737,Chainlink,0.004542657591547735,2.633382689802724,2.3939677739616863,0x625ff8595e52aa75848694c5a7b0bca12d6b0a7286c265040e3a00231796e11e
81261150,2026-02-14 23:53:44.000 UTC,633.5,vBTC,vDAI,1,3.971300476265e-05,0.025158188517138778,Chainlink,0.02260937162109343,1.112732761385877,1.0115638843787635,0xa64e6908a77951b1f3c9465c76e9ddd621eb98287d8c75866690e74f3f0a0fa0
81257319,2026-02-14 23:25:00.000 UTC,632.43,vUSDT,vBNB,1,4.923585e-05,0.031138228615499995,RedStone,0.04094172545562722,0.7605499833964671,0.6913068477091919,0x55a98257523d875909f2b359f876758d4e02bc1b7ead0ce11e6b7b9caed521d6
81255278,2026-02-14 23:09:41.000 UTC,632.25,vBTC,vBNB,1,4.01843861601e-07,0.00025406578149723226,Chainlink,0.022818588973092552,0.01113415828633506,0.010130290218497729,0xea9bc6a24d3e6f0f005f6f6161254a17b642878a899f9289a6bf37190d6b536c
81242857,2026-02-14 21:36:32.000 UTC,630.41,vBTC,vBNB,1,1.9489533422612e-05,0.01228639676494883,Chainlink,0.022703068860779187,0.5411777958430221,0.4919720227660899,0x0ba04d7120a7f6f7f765306853561ded96a854d68aa54566db58c75c8525bdd8
81242568,2026-02-14 21:34:22.000 UTC,631.22,vBTC,vUSDT,1,6.04806921e-09,3.8176622467362e-06,Chainlink,0.0446966638612506,8.541268893327607e-05,7.777108556660424e-05,0x814b92b7ba53ea2668344a76705af7a419b5761c6b264cca6395dd0b25a2bd53
81242363,2026-02-14 21:32:49.000 UTC,631.22,vBTC,vUSDT,1,4.3859095219083e-05,0.027684738084189572,Chainlink,0.02245889214110934,1.2326849387871055,1.1206189279163543,0x78af1b21ac7a5547c80995e1bf033f414306aae82f047c621ad02b9ef6c60786
81237461,2026-02-14 20:56:03.000 UTC,631.75,vBTC,vUSDT,1,9.3905547295915e-05,0.0593248295041943,Chainlink,0.022448680035284208,2.642686759798313,2.402400844362641,0x2150b4847a2549434128c20cbca8572bdf074b2616ffb3af2f15da742deb8f96
81235794,2026-02-14 20:43:33.000 UTC,631.29,vBTC,vUSDT,1,1e-14,6.3129e-12,Chainlink,7.698234703572501e-12,0.8200451458138043,0.7454963279150142,0xd11552bbdaf37845a39c6f50c5d47a5adaf5d8fe9c4821670fa39f91bfd4958d
81189692,2026-02-14 14:57:44.000 UTC,635.6,vUSDC,vLTC,1,1.376152293663e-05,0.008746823978522028,RedStone,0.036725548052141066,0.23816728251689345,0.2164613392158,0xbf707f8b71af79a4a82a19bb1270267e1f1f4c5114133c4630901b5a009fe487
81023801,2026-02-13 18:13:26.000 UTC,614.98,vBNB,vBCH,1,4.713753690816e-05,0.02898864244778024,RedStone,0.03684645207453976,0.7867417570933749,0.7151921755902,0x69bac7dc4591a880dac3427e7d46bd3ac0cd42db2e5208478db57793793ed401
81005628,2026-02-13 15:57:04.000 UTC,609.4,vBNB,vBCH,1,0.5121067176024279,312.07783370691953,RedStone,0.03689663648430913,8458.164847617898,7688.93933865078,0x31d5209408e2332c3abd3411157784f56b4349687a3e25a154b2be2552255849
80974015,2026-02-13 11:59:52.000 UTC,600.73,vBNB,vBNB,1,,,none,,41.33934528922902,37.57971717596735,0x78381b41949ffc70963c3acc8d77cfba234c98ed0781eb525ce5bf079eabfc3b
80960738,2026-02-13 10:20:14.000 UTC,601.84,vBNB,vBCH,1,0.000622988648740865,0.3749394883582022,RedStone,0.03686113574891698,10.171674874918045,9.246603254076495,0x30b91d744b93724906fb170c82132d7dba2db73f27a8bc22d842fd8b55958fa6
80832763,2026-02-12 18:20:18.000 UTC,603.17,vBTC,vUSDT,1,0.000141134757777588,0.08512825184870774,RedStone,0.036863921131246376,2.309256564043369,2.099270437737358,0xdecd782c89b388ed72f866c04f01140735b4ab2da06ff2dbc35dc87f76093e49
80830002,2026-02-12 17:59:36.000 UTC,604.71,vBTC,vUSD1,1,3.2092763182498e-05,0.01940681482408837,RedStone,0.03692576708186759,0.5255629431085832,0.4777792415,0x7504b31379175c3fe2c55f49166e148a29225e132b9ee4c7176536fb7e3e6063
80829539,2026-02-12 17:56:07.000 UTC,604.71,vBTC,vUSDC,1,7.6677281674194e-05,0.04636751900120186,RedStone,0.036916983633185595,1.2559942454106934,1.1417960401916998,0x57045831c14f96f6e680cd2dffc6d2ab857c6ea64c8d56c206f37ccd3f0d94d6
80829535,2026-02-12 17:56:06.000 UTC,604.71,vBTC,vUSDC,1,6.8892903974857e-05,0.04166022796263578,RedStone,0.036916134865749385,1.1285100163963249,1.025906640294,0xda7e4ef426ba43d446db1f91f678c640ecd3112bf5b406f748b781bc6c097f04
80820646,2026-02-12 16:49:24.000 UTC,607.11,vBTC,vUSDC,1,4.3962480230812e-05,0.026690061372928276,RedStone,0.03695001199783551,0.7223288959822733,0.65665123986804,0x988918ef05bdc494a2b5846ec2db5a185533b5d9a35ea72944647bc59d651639
80818251,2026-02-12 16:31:27.000 UTC,601.82,vETH,vUSDT,1,4.9004924855712e-05,0.029492143876664597,RedStone,0.036812115426017464,0.8011531946849385,0.7282877933539799,0x4a0d32ce69bab81c8e145b550ca5b471bcb4a97a00afb0e7dca708935942f97f
80816909,2026-02-12 16:21:07.000 UTC,605.95,vBNB,vUSDT,1,7.0147517541804e-05,0.042505888254456135,RedStone,0.03696859174988488,1.1497838095114483,1.0452117018647062,0x4f45cad5d5cce4f939471943d7bd8e9c3e6b0a91f028304e771ba7d107cef797
80781748,2026-02-12 11:57:20.000 UTC,618.12,vUSDT,vU,1,,,none,,21.992030661384202,19.987788590261005,0x30567a218d163cadad9f972b617f9e6f0dc89c7242d527b7c0733bfa7313d61f
80780627,2026-02-12 11:48:56.000 UTC,618.42,vUSDT,vU,1,,,none,,21.992036126078474,19.987788729409907,0xca4c7c3ec8114ffd35a53b8a72c98ace05b303c9c41d7219199a2f99ea9e76f0
80768346,2026-02-12 10:16:48.000 UTC,614.48,vUSDT,vU,1,,,none,,5.717345492262722,5.196280585201634,0xd6decf62f9f015c8ec4c5d2ad4d4ebfb0a47e6b5e38b9c91e19e47cb91152ed8
80709371,2026-02-12 02:54:22.000 UTC,614.67,vDAI,vUSDT,1,0.000156034657929827,0.09590982318972677,RedStone,0.03686205201502445,2.6018579527432513,2.364093975,0x04d4ba95d7f9a5a04cd4edfbdb8fec82a52da29f1610ab0b3b5493a1d4af2dcb
80709269,2026-02-12 02:53:36.000 UTC,614.67,vBTC,vUSDT,1,2.437087330515e-05,0.014980044694476549,RedStone,0.03688522579437131,0.4061258775529173,0.3692043759,0x22a1cf89f6e261dcd73fc74bd88d5b591d4425e3f6b3766e7ade256b212160b3
80667176,2026-02-11 21:37:52.000 UTC,612.64,vUSDC,vBTC,1,0.005537814201746527,3.392686492557992,Chainlink,0.022019708595642958,154.07499503555206,140.0081420226542,0x748ec57cfea86733aa1683d2dd5cd819fa93e2f4a6352ff5fe1efd1911f9d4a3
80656485,2026-02-11 20:17:40.000 UTC,610.52,vBNB,vUSDT,1,4.075325721271e-05,0.024880678593503708,Chainlink,0.02946217544423811,0.8444956361282412,0.7676856134745186,0x1b6f9b328b34fad6b2a5d4371cf854b87387ed1c3bbcb50d1f5728df9c400191
80656232,2026-02-11 20:15:46.000 UTC,610.52,vETH,vDAI,1,1.4939508132858e-05,0.009120868505272467,Chainlink,0.04400001214632545,0.20729240880525923,0.18843652916449105,0x92189ce8ecdd97603c9d772dcefac4c4c260281ea62db45a453f5f68a2d251b0
80655779,2026-02-11 20:12:22.000 UTC,609.64,vETH,vBNB,1,2.4824668956261e-05,0.015134111182494955,Chainlink,0.03416444410804111,0.4429784115507653,0.4026839112992871,0xbccb5576b077f07866fbe0b512e583e604e5ab8bad1f948b83fb8a861c1e5fd0
80654295,2026-02-11 20:01:15.000 UTC,610.54,vUSDC,vBTC,1,0.006956161129378578,4.247014615930797,Chainlink,0.013931445085588388,304.850974887321,277.0170507563321,0xa5f822e0e35ecb993115e85d472db85852c58b8c768fe3b9c4e2fb8961fc2ba4
80653687,2026-02-11 19:56:41.000 UTC,610.69,vUSDC,vBTC,1,0.01557177986912194,9.509530248274078,Chainlink,0.015602625377879684,609.4827003765679,553.8347368749395,0xa1f0d03fe8c355cbdcdd7e692ec91bcb94004837639822472334c0d549aae7bc
80653125,2026-02-11 19:52:28.000 UTC,611.24,vUSDT,vBTC,1,0.03443255353484598,21.046554022639256,Chainlink,0.01723769037928391,1220.9613677672737,1109.655445764696,0x17b59b8c5e80d4e3550fb0231b82246d0277a5e90902b778c96bfb77bbbcbd53
80652852,2026-02-11 19:50:25.000 UTC,611.24,vUSDT,vBTC,1,,,none,,2440.499404078901,2218.017162343702,0x8f0814c90a8da7e5bb85ea1b548e05afa19a018ed6b30d7341240ccc0803b537
80651873,2026-02-11 19:43:05.000 UTC,611.44,vUSDC,vBTC,1,,,none,,4888.738608238448,4442.375989692748,0xd76ea24c7791ac904f4b1dbbb7661f7385418ecfe90f1e066a39b2f0d6d8391c
80651600,2026-02-11 19:41:02.000 UTC,611.44,vUSDC,vBTC,1,,,none,,9776.130901842742,8883.527628018075,0x90e2f186b8db5d82f205acc72be2f040f511ad83aa8b4968f6655be63d37212f
80615950,2026-02-11 15:13:38.000 UTC,591.83,vLINK,vUSDC,1,5.3020729261257e-05,0.03137925819868973,RedStone,0.036976621788959746,0.8486242571802154,0.7714664932118,0x5087b555af2394402eff3e71350f4ebe3626a8eeef835abe1e94d9b2fb475d83
80615543,2026-02-11 15:10:34.000 UTC,591.83,vLINK,vUSDT,1,7.6712371712192e-05,0.045400682950426596,RedStone,0.03680705040923301,1.2334778920246727,1.121328844,0x63b3df3788a7869e88fc682729d28d23f388edd80f2ddcd3641d4e21741be8d8
80615389,2026-02-11 15:09:25.000 UTC,597.21,vADA,vUSDT,1,0.000135377458707839,0.08084877211490853,RedStone,0.03718329847929996,2.174330288635293,1.9766394626000001,0xa214234f9bdf066e1176218b83d36cf852479fa37264c9ef8b37aa3ae2be3374
80615297,2026-02-11 15:08:44.000 UTC,597.21,vADA,vUSDC,1,5.8660847212982e-05,0.03503284456406498,RedStone,0.03718329845188404,0.942166134330396,0.85650407842983,0x308f647e8430344839418f5e605de693b83a25e8f869f2593df3ee481aa0895b
80615146,2026-02-11 15:07:36.000 UTC,597.21,vBTC,vUSDC,1,4.4007787961332e-05,0.026281891048387084,RedStone,0.037004809428238826,0.7102290608833955,0.64564964487498,0x3691567e13e1ad2e2423c8d98c6ee324671cbc7be1d62353515a6328dd185599
80588935,2026-02-11 11:50:59.000 UTC,591.8,vBNB,vUSDT,1,5.0103248216729e-05,0.029651102294660222,RedStone,0.03679922591598806,0.805753424334336,0.732465621357448,0x55f826ac47c263ac7b4d2e2b7a1b2e5cc28fd9d3ecdcd80484a3e63f4f9b525c
80584906,2026-02-11 11:20:46.000 UTC,590.83,vUSDT,vBNB,1,0.0003936141,0.23255901870300003,RedStone,0.040860944716071525,5.6914743484021635,5.17253446904106,0xf9822bd38de9911a33370c988f87b97eff70d18c81f61347a90ecd68d43f9511
80581224,2026-02-11 10:53:08.000 UTC,589.52,vBTC,vUSDT,1,,,none,,3.7299568571972888,3.390789370921057,0x9fd2f61ec250a1018ffa8242c9d0ecaf3192be7de3d827651c71c9a2d08ab93a
80576020,2026-02-11 10:14:07.000 UTC,590.5,vasBNB,vUSDC,1,5.1879110379853e-05,0.030634614679303195,RedStone,0.036934986205149845,0.8294199572499585,0.7540254390798,0x603fccfc2a3ff4dbea93309302f09e9e5bbcae6ca55b35b2e5b44cae874506fa
80572299,2026-02-11 09:46:12.000 UTC,595.82,vBNB,vUSDC,1,5.8795693245446e-05,0.03503164994950164,RedStone,0.03690630507233983,0.9492050174309326,0.8628689704226699,0x52d4b15a6211e27d555d361964c9b649d34daf4a8a15f3fcaaf3cb52244fabf3
80563101,2026-02-11 08:37:13.000 UTC,600.97,vBNB,vUSDT,1,3.4227238002189e-05,0.020569543222175524,RedStone,0.03709777619124173,0.5544683626354862,0.5040359820089954,0xf40be5600ea9c78f2b62cc963e3ee54437c203f06a75ba4b0a311972c97da626
80559214,2026-02-11 08:08:04.000 UTC,600.79,vDOT,vUSDC,1,8.2221637571955e-05,0.04939793763685484,RedStone,0.03694119201614394,1.3372047554737023,1.2153992982382,0xe713754f81b2fb8671a68c3db461fe314c270fbc37e8d4758df8211ad5ca0d78
80555173,2026-02-11 07:37:45.000 UTC,601.3,vXVS,vUSDC,1,,,none,,57.778160761849364,52.52560071153285,0x96f82e0eb9504d2813a99757fd9022ed6506bee58d5b3e4408c9763e45b1edeb
80555173,2026-02-11 07:37:45.000 UTC,601.3,vXVS,vUSDT,1,,,none,,278.40050911824403,253.0913720186156,0x541d6204237fe06bb3b11cfea0e5b938d3fd3aaae0c61b7a6b37ac6b8bfdc5cd
80555172,2026-02-11 07:37:44.000 UTC,601.3,vXVS,vUSDT,1,0.025143656015364706,15.118880362038796,Chainlink,0.010435125966537095,1448.8450269332022,1317.13184314896,0xc293e1278c9bd446fed73b9c78b1d7e60774633711b01e61b819ba9d5f900385
80555126,2026-02-11 07:37:24.000 UTC,601.3,vXVS,vUSDC,1,0.021076195328238068,12.67311625086955,Chainlink,0.00813194840618429,1558.4353979953603,1416.759452784338,0xd58d256496e2e554ceb5881bd4d4e925e96262b71499c0e1337ac3cb841b1bf2
80553572,2026-02-11 07:25:44.000 UTC,599.42,vXVS,vUSDC,1,0.000312341027518108,0.18722345871490428,RedStone,0.03682020104968763,5.084802727238031,4.6225479348781,0x5bb420cc9bfb9957bb01b93e5d0e0856e39cfbc4905c99cadd084906cbc48aca
80553564,2026-02-11 07:25:41.000 UTC,599.42,vXVS,vUSDC,1,,,none,,1447.979069453957,1316.3446090637922,0x3dc64977348165fe411b1140fdeb42d4ddde7d55596e06fe541210ba6ee6c516
80553563,2026-02-11 07:25:40.000 UTC,599.42,vXVS,vUSDT,1,,,none,,1537.5643287229066,1397.785753723298,0x0e684ad2bb71f65b920824aaf2a07f617d35f57c9da29d9511a4847c619574ed
80553563,2026-02-11 07:25:40.000 UTC,599.42,vXVS,vFDUSD,1,,,none,,172.78873340806538,157.08066677854276,0x792e56cad0e7a8e2cb1768b2f23d1445861d5906cd3367ae3017eea819c4c8db
80553561,2026-02-11 07:25:39.000 UTC,599.42,vXVS,vUSDC,1,0.04128929398269694,24.7496285991082,Chainlink,0.01638144941982411,1510.8326476384495,1373.4842256155882,0xebc09b0960be29c36d38166a6383481c3d1b6f653a0c08fee163a947dcb0fde9
80550599,2026-02-11 07:03:24.000 UTC,599.48,vXVS,vUSDT,1,0.000113103358916702,0.06780320160338452,RedStone,0.03686593954831743,1.8391827913274783,1.6719843565073085,0x24c9d7f16416b3b803f330e9b7f224ea3a28bfce5e3c2ff09c09aabae37318a2
80550558,2026-02-11 07:03:06.000 UTC,599.48,vXVS,vUSDT,1,,,none,,117.58693412340953,106.8972128648016,0x80908f3da47717c22c3bfbe63e14915e139d7bf14468dfc4f124cdffbe602098
80550558,2026-02-11 07:03:06.000 UTC,599.48,vXVS,vUSDT,1,0.000262400603875409,0.1573039140112302,RedStone,0.03686593954266705,4.266917267337604,3.879015698736844,0x18aa702660b0ce4144a1062f7748a725adf5e2831bd054dae26950098d1fcb4f
80550557,2026-02-11 07:03:05.000 UTC,599.48,vXVS,vUSDC,1,,,none,,1241.7593778189269,1128.8721619168202,0xd80ac41f6b1fd00c697d4e97ad08fe3fbe52e14ee709a6b26e7ed5533e49f5d5
80550556,2026-02-11 07:03:05.000 UTC,599.48,vXVS,vUSDT,1,,,none,,1358.0437038987209,1234.585185652266,0xea2d30a6b1551c435ea5304c145fe151c238c3a5ab3973644fe8b1ffcfab153a
80550540,2026-02-11 07:02:58.000 UTC,599.48,vXVS,vUSDT,1,,,none,,864.7450071723106,786.1318250463906,0x3b8030203e6c165fdde39caff38a7302743ea76c34a25c055fff88955295414b
80550541,2026-02-11 07:02:58.000 UTC,599.48,vXVS,vUSDC,1,,,none,,1065.3336549576447,968.4851410125743,0x0908f9d39bd184915c5ad466bce2f13a8b87345e76a2be197091e93fdff2d1d2
80550538,2026-02-11 07:02:57.000 UTC,599.48,vXVS,vUSDT,1,,,none,,1209.5112870390335,1099.5557159718185,0xf2525e287436d909ef01c68a7018825fef44f0dfd72a87701d077359a65c50b2
80550538,2026-02-11 07:02:57.000 UTC,599.48,vXRP,vFDUSD,1,,,none,,178.40346112456407,162.15880467522723,0x8b994ae13fd6b3e257543ee272b01ac23388d1c37f4a3cfa8bfc1d1aa5b0281b
80550539,2026-02-11 07:02:57.000 UTC,599.48,vXVS,vUSDT,1,,,none,,798.8531903297084,726.230173345115,0x7f3a80c78a8ec15cf1412e0803e761fed1754b05333286cda278abe18c2954f9
80550536,2026-02-11 07:02:56.000 UTC,599.48,vXVS,vDAI,1,,,none,,11.451667339524521,10.41060667510104,0x426d7778ba768c8e76fbd91d02250d4e03b0c7998ad082a07b65517da91dc243
80550537,2026-02-11 07:02:56.000 UTC,599.48,vXVS,vUSDC,1,,,none,,1265.729915225879,1150.6635594650354,0xcbb260bc35e283ffe6fd64a55173d9b4fbf03b23914999adca3a8d57ba8a39c1
80550536,2026-02-11 07:02:56.000 UTC,599.48,vXVS,vUSDT,1,,,none,,114.04758589652678,103.67962358773842,0x7a75e0b5a89e707cffcdc63aa49672d6c95362c34429ebefdb9463f0dddf2f00
80550536,2026-02-11 07:02:56.000 UTC,599.48,vXVS,vUSDT,1,,,none,,1605.6277585567866,1459.6615993274916,0x6518641cda53b8ad79099e9707c69b1b462656190edb8c8b3852259d6fa05fd7
80550537,2026-02-11 07:02:56.000 UTC,599.48,vXVS,vUSDT,1,,,none,,6.792399883670245,6.1749089883059,0x079f7f1d694694fb5b4b8f336f4b03229b850b4b27caa91c93ada47cc716e9df
80550535,2026-02-11 07:02:55.000 UTC,599.48,vXVS,vUSDT,1,0.04118826378450777,24.691540373536718,Chainlink,0.015378122508127682,1605.6277585567866,1459.6615993274916,0x60aae88e10ab2301ac45255a04552898a7647d7302c5a3ffd3d5f6f922d2ff15
80550269,2026-02-11 07:00:56.000 UTC,599.48,vXVS,vUSDT,1,,,none,,1077.2559008909543,979.3235465601539,0x7d0004087ab393ba137dc00ae10d92c5449e5cbf098fbaef04303a819062d7a8
80550267,2026-02-11 07:00:55.000 UTC,599.48,vXVS,vUSDC,1,0.04857726731749878,29.121100211494166,Chainlink,0.01718652153436863,1694.4150189588652,1540.3772903096642,0xc3b521b5ac60742e2933324c85d23001f119692a8e7ee46f3962e301b4bf990f
80550253,2026-02-11 07:00:49.000 UTC,599.48,vXVS,vUSDT,1,0.021886052887594994,13.120250985055447,Chainlink,0.008180599583891151,1603.8251048115378,1458.0228229499114,0x59ca17d581915aafbd058c06177bf53a989648974e541ee95612afb7928448a2
80549891,2026-02-11 06:58:06.000 UTC,599.01,vXVS,vUSDC,1,6.2228828256659e-05,0.03727569041402131,RedStone,0.03684132619448372,1.0117901352748433,0.91980921395506,0x44b2caf03be8ac34e93d794866f3af05bafd44949a4fae79644d1c8c19b5f2b7
80549884,2026-02-11 06:58:03.000 UTC,599.01,vBNB,vUSDC,1,0.000159538847653601,0.09556536513298354,RedStone,0.036838523742249794,2.594169239832497,2.3582118478247995,0x08a197588b5fa7a3441ad0f771719518d5b15bd72fb45997758f54152e0e2f30
80549864,2026-02-11 06:57:54.000 UTC,599.01,vXVS,vUSDC,1,,,none,,1337.7593540034004,1216.144867301438,0x1ae464a3fd20bc2b560cc450274e1ae68f2c92416bd4df14f58096d4d209877b
80549862,2026-02-11 06:57:53.000 UTC,599.01,vLINK,vUSDC,1,,,none,,10.502337648873164,9.547446794721973,0x4a413ae24f3743ae593fac660744d22dfeba88b09ed24fb6e7f5bd6aeeb860d5
80549862,2026-02-11 06:57:53.000 UTC,599.01,vXVS,vUSDC,1,,,none,,1337.861986884744,1216.238169920802,0xc50f822a1f5cce756f83379b63d07f08dabb551b82813c04433b1a975a5ed130
80549863,2026-02-11 06:57:53.000 UTC,599.01,vXVS,vUSDC,1,,,none,,1038.0339868038723,943.6672607505368,0x2ffff8d254023d6a1930b38773a6faafea3ba94119f017733c8249dfa91c33de
80549863,2026-02-11 06:57:53.000 UTC,599.01,vXVS,vUSDT,1,,,none,,955.4303970989527,868.5730883940313,0x544bcc37fd432f7bde8ee8edcad910835a747e8372f2daf4300e8f610f17a6c5
80549861,2026-02-11 06:57:52.000 UTC,599.01,vXVS,vUSDC,1,0.05400245774730123,32.34801221521091,Chainlink,0.017755306648681825,1821.8785434276044,1656.2532213324728,0xa5eecd8e6b1666c807d7fece54fe9eee64e9199ea230eddba2bd91360efdbf3d
80549740,2026-02-11 06:56:58.000 UTC,599.01,vXVS,vUSDT,1,,,none,,1783.1743676262925,1621.0676069690185,0x16108acdf3ef4dc938a56ab9cd0065b25e0616cd6fda9e170a9937639b4bde8c
80549718,2026-02-11 06:56:48.000 UTC,599.01,vXVS,vUSDT,1,,,none,,5.930752951712415,5.391593593780283,0xb6afe7bfa034c579c41b5831d09fd95f638853e79b85bf5b79e2eee6db2e2876
80549713,2026-02-11 06:56:46.000 UTC,599.01,vXVS,vUSDT,1,0.000108437485287626,0.06495513806214084,RedStone,0.03681894462581668,1.7641770757490873,1.603797341860698,0x6db1a7860a074385a53d9f8edc6393e3af0274b1a874a739e8edcd52297b28d2
80549702,2026-02-11 06:56:41.000 UTC,599.01,vXVS,vUSDC,1,,,none,,1148.059661953558,1043.690601955146,0x7641fdcf314c0a2dc9522d33ac128db9140ca85a6ef176177a5c37233d83d130
80549702,2026-02-11 06:56:41.000 UTC,599.01,vXVS,vUSDT,1,,,none,,893.8764883609861,812.6149895504693,0x2ec70a154ec5047e5f50f455808d919f645383362ec5cfdf64a0bd5d1ba7aa6d
80549700,2026-02-11 06:56:40.000 UTC,599.01,vXVS,vUSDT,1,,,none,,1093.527351798381,994.1157745228276,0x65c93c5ac5950b9c81b6779774f382e2075b08512f2bc04b2eef21f628d9168c
80549699,2026-02-11 06:56:39.000 UTC,599.01,vXVS,vUSDT,1,,,none,,1132.8522478934874,1029.8656800695298,0x968e181888e2c6380fcbea93dfe2921b50bc60262f566da9b14e3cc9637806ae
80549699,2026-02-11 06:56:39.000 UTC,599.01,vXVS,vUSDT,1,,,none,,1130.718117089411,1027.925561156552,0xe29f7fa2b53b45829e241dae0b635cb4f620a41620618c779e7980b0fa38ead8
80549698,2026-02-11 06:56:39.000 UTC,599.01,vXVS,vUSDC,1,,,none,,2050.5036827442877,1864.0942573597788,0xe5476f7431eae76db61ac0dd884d2a90165b280853e2cd26afe6633bbc55c4fc
80549697,2026-02-11 06:56:38.000 UTC,599.01,vBTC,vUSDC,1,,,none,,1081.8393196500542,983.4643785998148,0x59a4d332e63eca05a1846d5f50d408a0179a3194c88e744f36f342ff6fce59fe
80549697,2026-02-11 06:56:38.000 UTC,599.01,vXVS,vUSDT,1,,,none,,792.9027592022155,720.8206903004605,0x20910a83a260cf4a961ad1bff6eed1f576db94d8ba20ad1557d2469e76010639
80549697,2026-02-11 06:56:38.000 UTC,599.01,vXVS,vUSDC,1,,,none,,1594.3068367994238,1449.3698518845426,0x1b508ca1b878c2ab3e6b8bba7177bde3dc18a98c7079642b10710831f3d4c2f9
80549695,2026-02-11 06:56:37.000 UTC,599.01,vXVS,vUSDC,1,0.07170576694846856,42.95247145980215,Chainlink,0.022969236078702576,1869.9999996790634,1700.0,0xd5cd61c15930e6da42a7db33863a3c14b1803617730cd2e1c640bf5b4297f57c
80549212,2026-02-11 06:53:00.000 UTC,599.21,vBUSD,vUSDC,1,5.1603614861364e-05,0.030921402061077925,RedStone,0.03686089379551923,0.8388673978610007,0.76260672546148,0xc6d59e029b8a738e7bed6a31dd0ed8b2db57158bf258d573e228a3f028a27c4c
80543350,2026-02-11 06:09:02.000 UTC,607.78,vBNB,vDAI,1,0.000105380406315558,0.06404810335046984,RedStone,0.03720660031319876,1.7214177810206772,1.5648426758764,0x98dd877eb1665e5cddfb0422356075a149a12b224821211c2b4a9ab0cbef9f40
80543341,2026-02-11 06:08:58.000 UTC,607.78,vBNB,vUSDT,1,0.000142007661844431,0.08630941671580827,RedStone,0.03720041841642589,2.320119514507886,2.1090882488,0xf8eafa1a02cb246502e2a1afe27f55c92a3e5e41005db86b600e5ea411a145ae
80543275,2026-02-11 06:08:28.000 UTC,607.78,vasBNB,vlisUSD,1,,,none,,5627.434143429756,5115.8731667949005,0xeb71e2a0a888ff13e627e972ff5081476f61d8a6f2e4fd296d54f3e1d1d7efb7
80541996,2026-02-11 05:58:53.000 UTC,608.51,vXRP,vXRP,1,,,none,,1.5789216829218655,1.435150439101133,0x11493e87219e1309d90dc66d261f0ea534bb6637c23b8ba255cd84ea981ad64e
80539919,2026-02-11 05:43:18.000 UTC,610.31,vBNB,vDAI,1,3.7757364119835e-05,0.0230436968959765,RedStone,0.03692247732318522,0.6241102592947187,0.5673429792,0x230451bd3a1674b56ca65a2ff898a3255e13207d2cfa2a1b4efc4355f2dcff15
80539915,2026-02-11 05:43:16.000 UTC,610.31,vBNB,vUSDC,1,0.000123089449302011,0.07512272180351032,RedStone,0.03690446454990184,2.0355998310700363,1.8504476526171998,0x08246866a3837e97b65081036b70f099038101146af40c5bf7f602c9e2b517f3
80539591,2026-02-11 05:40:50.000 UTC,610.31,vTWT,vUSDT,1,,,none,,11.321985771000215,10.292697244677482,0x63f0c646db8704799e3d9b09833ce17c8ba3b83ba20cea73064a99c2f52a5a93
80537802,2026-02-11 05:27:24.000 UTC,611.09,vCAKE,vUSDT,1,0.000147084047196874,0.08988159040153774,RedStone,0.03687795758880813,2.437271375050753,2.2156462710197826,0x0f156541b87e577e28cd446cf2f157bd02f04cbba6665a548b774252c5fe8ca9
80532017,2026-02-11 04:44:01.000 UTC,612.48,vUSDT,vUSDC,1,,,none,,3236.391619212719,2941.261229498603,0x8131778a32394de972f90a159c4f6f5c841ec01127b10fb88cec075952a01539
80532016,2026-02-11 04:44:00.000 UTC,612.48,vXVS,vUSDT,1,0.07039320975897598,43.11443311317761,Chainlink,0.023055846587119865,1869.9999997945624,1699.9999999999998,0xe3b9a027dac02c9ec5208c36299d8f3a5b966de73289f7d5066bdae6f3af4bda
80531958,2026-02-11 04:43:34.000 UTC,612.48,vADA,vUSDT,1,5.3742126304882e-05,0.03291597751921413,RedStone,0.036945098308407816,0.8909430215732637,0.8099376364800001,0xc2e40143436b72720f6f643b5dff17e5b752c22f6eb9dd5da267993c0d51493d
80531294,2026-02-11 04:38:35.000 UTC,613.14,vCAKE,vUSDT,1,3.2497786548873e-05,0.01992569284457599,RedStone,0.03694173431542149,0.539381629309643,0.49033471326,0x769542bccd3f5d67d295db34239d207c205a531b0b7cf4e6a67ccbb01eb0c5e3
80530070,2026-02-11 04:29:24.000 UTC,614.76,vBTC,vUSDT,1,,,none,,4.0972684809437645,3.724700883634878,0x26df28b26d7382b9bd707a8f15d788a6d0c37b61ea58573443d44eb9f4b8c88b
80530012,2026-02-11 04:28:58.000 UTC,614.76,vBNB,vDAI,1,0.000171794694081297,0.10561250613341815,RedStone,0.03689668195545039,2.86238492287562,2.602029771,0x6ccdbb58d87688566ac76023a3a3f4f7d9c32fd1c8e4093c5fe518b2e418a4f1
80526249,2026-02-11 04:00:43.000 UTC,617.44,vBCH,vUSDT,1,0.00011336538163456,0.06999632123644273,RedStone,0.0368331565582243,1.9003617332062077,1.7274589721359765,0x2d50d8391bcf86550b6e6b0dcf02bc0a9449f1842c3662f45cc7fab26bd6b69c
80520868,2026-02-11 03:20:21.000 UTC,616.42,vBNB,vUSDT,1,,,none,,3622.1909006287856,3292.72489982051,0xc2f5a5711f5d782cab1d960a2231e006e6bb57201b0bafaaba1a753be3d85f03
80520667,2026-02-11 03:18:51.000 UTC,618.51,vXVS,vUSDC,1,0.024752613104938793,15.309738731535694,Chainlink,0.008146340773299775,1879.3393448153406,1708.4903138529064,0xc1ed26657fcd54471a7a56fc15d8cfd3d29e5422f49f45ea3f73c9d0dc2e9266
80520438,2026-02-11 03:17:08.000 UTC,618.51,vXVS,vUSDT,1,,,none,,1560.3495777872722,1418.4996162116547,0x0f4ff1074b96e1f36111666668641232653233bf99df03bf89270a0d059930d8
80520437,2026-02-11 03:17:08.000 UTC,618.51,vXVS,vUSDT,1,0.07646613666251531,47.295070187132346,Chainlink,0.02529148138423357,1869.9999999452612,1700.0,0xec8c1cae3d2e81b16af355504c6c2b3cb74762a3635e465a68d7c892efdd1ada
80520075,2026-02-11 03:14:25.000 UTC,620.12,vXVS,vUSDC,1,,,none,,111.9168198353964,101.74256349790032,0x6e5fecb40370e910117ca32c01abd8f9c41eae4377c45fc2b26c0a438323ba85
80520074,2026-02-11 03:14:24.000 UTC,620.12,vXVS,vUSDC,1,0.07639271774129532,47.37265212573205,Chainlink,0.025332969053917402,1869.9999997989382,1699.9999999999995,0x81787a3680f002cd7cd80a91449e0d9c120e8f576ddd2843b7ce33ff120539e0
80518915,2026-02-11 03:05:42.000 UTC,619.77,vXVS,vUSDT,1,,,none,,39.74379584806539,36.13072351041704,0xe28b6618be5cc5beeb48cb2b00e38a565dd1ea6a137866fb099c010fa2c25fb5
80516830,2026-02-11 02:50:04.000 UTC,620.32,vXVS,vUSDT,1,0.06924577860317586,42.954541383122056,Chainlink,0.022970342988548158,1869.9999997621717,1699.9999999999998,0xd750c0dd596886c01f78765a632385b336d332ba1097ab00dc2fa1705af72fd2
80516831,2026-02-11 02:50:04.000 UTC,620.32,vXVS,vUSDC,1,,,none,,469.4368468384392,426.76077005892887,0xbec5091b92d45d7743bf38f09fb722a5d33a32a34d9bff269124e3960befe0a5
80516831,2026-02-11 02:50:04.000 UTC,620.32,vXVS,vUSDT,1,,,none,,9.164792643488914,8.33162967723068,0x71dd788bcd9bb1e66c5303ce824495f8049c1a4b8e0f6e72e03a62636eb2575a
80516299,2026-02-11 02:46:05.000 UTC,622.66,vTWT,vUSDC,1,,,none,,807.750269015177,734.3171750956815,0xf0a56656bd05be0ea05dc58e6284457ba656357a608c250fe9953280e8261cf6
80516119,2026-02-11 02:44:44.000 UTC,623.41,vXVS,vDAI,1,0.000110296532178259,0.06875996112524843,RedStone,0.03688969633911836,1.8639340506669986,1.6944855013029,0x06af607ee49b661f6a24d858b3887385062c52bdfbc37a7ea7d8a8832786022e
80500453,2026-02-11 00:47:14.000 UTC,621.21,vXVS,vLTC,1,,,none,,43.88699541389179,39.89726855860664,0x60aaf2cb3b7c77365d60294b648d72ec52e54d199a383c426ff5975abdcda099
80500414,2026-02-11 00:46:57.000 UTC,621.21,vXVS,vDAI,1,,,none,,6.7119184112118795,6.101744013202188,0xc9003080f5967d044c580d84da93c8ba02b21504a64c757ae0f643b3a31d3ac5
80500413,2026-02-11 00:46:56.000 UTC,621.21,vXVS,vUSDC,1,0.06913043057731749,42.9445147789354,Chainlink,0.022964981167999457,1869.9999997725413,1699.9999999999995,0x26a4af1879a65b95dafeecbf24d833d3af52945d2b6ef84a9da83b314163d12a
80499485,2026-02-11 00:39:59.000 UTC,621.62,vXVS,vUSDT,1,0.06910573317342453,42.95750585526415,Chainlink,0.022971928267536097,1869.999999781109,1699.9999999999995,0xaff7f0986225f82d9c438fae8545926237095d9460bd814329175dd5b817d62a
80499337,2026-02-11 00:38:52.000 UTC,621.62,vXVS,vUSDT,1,0.000106271051980258,0.06606021133196797,RedStone,0.036833308627896674,1.7934911033741763,1.6304464581361844,0x5c0adfc2ecc211dc8ba1750486997bcc91a61c952f36ae66c12af1aeadbda7d0
80499095,2026-02-11 00:37:03.000 UTC,621.62,vBUSD,vBNB,1,,,none,,0.34275870448949824,0.31159882233151115,0x9c956df7eff04848019bd4230fe7597fce4e08354ed5d5cdf292ce47f575cc88
80495915,2026-02-11 00:13:12.000 UTC,620.11,vXVS,vUSDC,1,0.03874707173347296,24.027446652643917,Chainlink,0.009096585271209344,2641.369913685159,2401.2453766679077,0xb78fbe7382b8d375b1e79d8dabca23fb30ff07b18aef06dcfbb937b1c331b95f
80495916,2026-02-11 00:13:12.000 UTC,620.11,vXVS,vUSDT,1,,,none,,29.61357153034925,26.92142867185633,0x936e7d5ab4c7ad1f20ed0f71b15ff005e8ffc1d114bbb7997672306cb802c228
80494963,2026-02-11 00:06:03.000 UTC,619.58,vXVS,vUSDT,1,,,none,,23.29505438052929,21.177322167845016,0x9ada047c7026f31336d19c01d732c70e99b7673aa31645513b1f93ca1bed817e
80494653,2026-02-11 00:03:44.000 UTC,619.74,vXVS,vUSDC,1,,,none,,14.875289754204019,13.52299068976594,0x95064a6a24533e11ab93723561ce0a9f00cc34dc255d8d7eb4443c0642a2c07f
80494652,2026-02-11 00:03:43.000 UTC,619.74,vXVS,vUSDT,1,0.0400754734260366,24.836373901051925,Chainlink,0.009047967533390612,2744.967177368375,2495.424707870029,0x30e5693202738fd2052df5b2380c7a59b1ed5fc5b97b39a02c631e96e4433957
80494031,2026-02-10 23:59:04.000 UTC,619.8,vXVS,vUSDC,1,0.000284529936689305,0.17635165476003123,RedStone,0.03682523986270917,4.788880002343516,4.353527276415999,0x6937b7841ac99c15c7da70cbea5828214cf0a38a6c9b6603f1f5cc0b117fbca3
80492987,2026-02-10 23:51:14.000 UTC,620.2,vXVS,vFDUSD,1,0.000123028688801963,0.07630239279497746,RedStone,0.036839979867179254,2.071184432512551,1.8828949393374999,0x9b096b0890e6ad140a98ef8a3664f40f7a3e6025c2812e793bd0bfbf2aebfe63
80488648,2026-02-10 23:18:41.000 UTC,618.82,vXVS,vUSDT,1,,,none,,28.201325273467727,25.637568435313494,0xef50bbe91991d9454335aeb3f7e2962b241cf6cc2ecfbe090803d68235b1b9d5
80485388,2026-02-10 22:54:14.000 UTC,618.85,vXVS,vETH,1,4.0504904701139e-05,0.02506646027429987,RedStone,0.036822204813477526,0.6807430571111575,0.6188573248564,0x1973d2e3e480cc754c88832a59cc2e1e6202ff42bf2dc29bace1d86c317f5b50
80485352,2026-02-10 22:53:58.000 UTC,618.85,vXVS,vUSDT,1,7.5352622206889e-05,0.04663197025273326,Chainlink,0.0002792136685948966,167.01177448583397,151.82888592456806,0xa8771b821cb2ca0f012c6dbffaaa0b05315728391fc9b45b4794142c29da25de
80485346,2026-02-10 22:53:56.000 UTC,618.85,vXVS,vUSDT,1,,,none,,3.409572264604779,3.0996111503745793,0xb800354f31c0a4de41520427b71cb81387062d403e2a88e83562eaa97ac1b943
80485182,2026-02-10 22:52:42.000 UTC,618.85,vXVS,vUSDC,1,0.000309090918704256,0.19128091504012884,RedStone,0.03682696413390318,5.194045166053593,4.7218592445024,0x6da05f800d56fde15edb6cc2d2d06122237d83493313482c3df453c333a5635e
80452596,2026-02-10 18:48:18.000 UTC,617.47,vXVS,vUSDT,1,5.4718654105996e-05,0.03378712735082935,RedStone,0.036999519487422736,0.9131774633536694,0.8301613311999999,0x79573a640cd2451e86bbf0b3557a1967ec30c501ba817f9cc6bcf7c19b90df9d
80436089,2026-02-10 16:44:30.000 UTC,622.13,vBTC,vUSDT,1,,,none,,3.1489183422350226,2.862564502726945,0xd26390ecc25014734aa849c7b8ab295ada802eaa346947880f83be5f9781412d
80435970,2026-02-10 16:43:36.000 UTC,622.13,vBTC,vUSDT,1,,,none,,3.091201415750576,2.8101139624183573,0x96ce8fc6a9dd977890d38ae022126debfbe3c38d8d90b1812127d0bff5004565
80435634,2026-02-10 16:41:05.000 UTC,622.13,vBTC,vUSDT,1,,,none,,3.6138569607367335,3.2852209004875,0x237729de4c102ede4b4b49525209ece85d2ea99ef98a138405495f913eaf5301
80435609,2026-02-10 16:40:54.000 UTC,622.13,vBTC,vUSDT,1,,,none,,4.0319403149333946,3.665297623618343,0x4f5f9b1108b6145bf6de190302ef7195fbadc515629f7c59bdda485f371e5416
80424504,2026-02-10 15:17:36.000 UTC,617.33,vBNB,vUSDe,1,0.000205821815888571,0.12705998160249155,RedStone,0.036815575957946926,3.451256113652207,3.1373279960000002,0xe01a108cd11874a798a51e7f9eaa35a15196f5669e6e6eac179408b62a4339ae
80420798,2026-02-10 14:49:48.000 UTC,618.31,vBNB,vDAI,1,4.2835206697919e-05,0.026485436653390294,RedStone,0.037109976933841396,0.7137012426768082,0.64878251786262,0x7c23213a9b792acc691bc367b9921dca9df470c66548a152d1032268fe6ad827
80410770,2026-02-10 13:34:36.000 UTC,625.07,vUSDT,vBNB,1,0.06075,37.9730025,RedStone,0.040803029380539035,930.6417458825051,845.7485333175001,0x2aad454a3376759fb28dafe1a97ef4be1999938e254aa7ce0364620f4a48803c
80410504,2026-02-10 13:32:36.000 UTC,625.07,vUSDT,vBNB,1,0.046575,29.11263525,RedStone,0.04086310446434261,712.4430615741362,647.4539067569999,0x34c8f4027f942b3c397414f1ad663741fffc4c2614c910d60e1025b4cc97ed50
80407351,2026-02-10 13:08:56.000 UTC,624.6,vTWT,vlisUSD,1,,,none,,2155.411490712473,1959.4612650534239,0x6593115a134ad50e49aa8f9cbe793d69e7fc6efac6f1f45634434031f5875643
80405673,2026-02-10 12:56:21.000 UTC,625.63,vDOT,vUSDC,1,9.00104890693e-05,0.05631326227642616,RedStone,0.03682613201288635,1.5291658178143932,1.3898428177424,0xa0d971fe25baa588a593660543ce413790c1990cbd4e082acc84b38b34084bfe
80391092,2026-02-10 11:06:59.000 UTC,626.68,vUSDT,vETH,1,,,none,,13.207238809647805,12.002412757542416,0xc2603e52d201c5a148c9e1947c87178cd744d39215d41a7ff62be10c051ecf4a
80356686,2026-02-10 06:48:53.000 UTC,633.56,vXVS,vUSDT,1,4.7249085266667e-05,0.029935130461549542,RedStone,0.037103931321806144,0.8067913397617933,0.7334466728698049,0x0a65f55a20539dd789a3723fc537c59968ce3fd510b6de6be5cc52e6e7ebe8c3
80285375,2026-02-09 21:53:58.000 UTC,634.59,vUSDT,vBNB,1,9.273825e-05,0.0588507660675,RedStone,0.04068289258314059,1.4465728056880685,1.314572053952124,0xe9b9bb395b0856758c1bf096639b9c81e4ebb0f14092909adc0e8e0249dce294
80272667,2026-02-09 20:18:38.000 UTC,642.5,vBTC,vBNB,1,6.88302e-05,0.0442234035,RedStone,0.04109686668813752,1.0760772551247793,0.9782112568799199,0xe263365624d14bf9c48298076f40867ba339f7062f2fa81630bd354c2daf3026
80195784,2026-02-09 10:41:55.000 UTC,617.99,vADA,vDAI,1,0.000115052648245453,0.0711013860892075,RedStone,0.03695329825426489,1.92408768494708,1.749143076133,0xea94ccfbcad5ae1a3f0a91045c1ee4f65138700979d2b77adfe619361721d679
80195198,2026-02-09 10:37:31.000 UTC,617.85,vasBNB,vlisUSD,1,,,none,,799.6153679003515,726.9235231512754,0xb23ef2de8d08d752adebd683ee46dc099be2f874d4be296ad8f5d939c1e4c78b
80194844,2026-02-09 10:34:52.000 UTC,620.06,vBNB,vUSDT,1,4.7856936408459e-05,0.029674171989429083,RedStone,0.03700011530714536,0.8020021489959652,0.72904635575,0x75b5f22e45c50312ebdccfeb5db1fa9a975e684ebe57545899354143bdc8beb1
80194391,2026-02-09 10:31:28.000 UTC,620.06,vXRP,vUSDC,1,4.256988685992e-05,0.026395884046361992,RedStone,0.0368463493952858,0.7163771847025676,0.6511207513151499,0x6b6c055deb3cce19f30941c970d2dab972ac6b8a64f2351bdb18c01138f72889
80194387,2026-02-09 10:31:26.000 UTC,620.06,vBNB,vUSDT,1,3.4489018250145e-05,0.021385260656184908,RedStone,0.036878462455906105,0.5798848225235607,0.52713430875,0xd37cb1ffbb03654bcda755608c81c3f8915a5147b54fdc1f4adc896b645aac0a
80193548,2026-02-09 10:25:09.000 UTC,620.93,vBNB,vUSDT,1,0.000108995996980538,0.06767888440512546,RedStone,0.03686099789197268,1.8360567612268592,1.6690356938657045,0x54cb00002e74ee96494d188dc911ee97beb881a5dd4a8ff4054c7c794dd56273
80193391,2026-02-09 10:23:58.000 UTC,622.05,vBNB,vUSDC,1,0.000112741788502634,0.07013102953806348,RedStone,0.03691052947316242,1.9000277302728918,1.7271874390815,0x184a10cd8d4aafc3b69b411ce8b1cb5d79a25958e8dbb51a791aa51322e96785
80193351,2026-02-09 10:23:40.000 UTC,622.05,vDOT,vUSDT,1,0.000133064786084535,0.08277295018388499,RedStone,0.03690350113818961,2.2429565659348065,2.0385327407140377,0xed3435b4de8f31ecab2b24684b0463ddbd02d2210ada9cdbdfa2d240e925ebc4
80192308,2026-02-09 10:15:51.000 UTC,625.16,vBNB,vUSDT,1,5.3063887781763e-05,0.03317342008564696,RedStone,0.03701548131987808,0.8962039369141512,0.8146787977066411,0xbb7ba8f489f051b981baccf990bcbaeae928cdbe1874ad8a78adde279cd850a0
80187675,2026-02-09 09:41:04.000 UTC,624.48,vCAKE,vUSDT,1,0.000115094096529293,0.07187396140061289,RedStone,0.03684003107306187,1.95097450537083,1.77355828536,0x4dc63e1e5aa68bb03e03529cf2698eeae607280e6c0851d3b75423368fd6ebd4
80179490,2026-02-09 08:39:40.000 UTC,623.6,vXRP,vBNB,1,4.837455e-05,0.030166369380000002,RedStone,0.0407500226024803,0.7402785925857104,0.6728437943419857,0x69745a367ba548e27de1270b98cf63002a6198039cb16d3c137c3688d2e6387f
80178671,2026-02-09 08:33:32.000 UTC,627.05,vBNB,vUSDT,1,5.3815569238397e-05,0.03374505269093683,RedStone,0.037096490931198337,0.9096561923747098,0.82690681503402,0x8a498f85b31f58c60b928c39ab97248b80e134bc67b2cfcf30a8d8e2bd02c0e9
80178446,2026-02-09 08:31:50.000 UTC,627.05,vBNB,vUSDT,1,0.000117457097744917,0.0736514731409502,RedStone,0.03696533374912383,1.9924471300815978,1.8111989316792,0xbcef533772b997de92e5abca2388db25b23cb13ec5042cae6421003798bf7d24
80177836,2026-02-09 08:27:16.000 UTC,629.51,vBNB,vUSDT,1,4.8717678688479e-05,0.030668265911184416,RedStone,0.036981987059209326,0.8292757731509547,0.7538385649977,0x2e26e801d8471a3e3cb0e2c125f1a953b17c507aa30de3baa41ca37b58f379de
80177819,2026-02-09 08:27:08.000 UTC,629.51,vBNB,vUSDT,1,3.2222575125983e-05,0.02028443326755756,RedStone,0.03694921166007436,0.548981489894032,0.49904191938299997,0x38c13998138f5764f660730f0aa66625c8ca5222f22eb51060fffd2db9021f49
80177548,2026-02-09 08:25:06.000 UTC,629.51,vBNB,vUSDT,1,8.959995178968e-05,0.05640406565112145,RedStone,0.03690133823739911,1.5285100309439872,1.389464872861918,0x174a65ffb7b8b0046a1978ad439ba394131aae6a7ebbd746ab97e97ee1ac1ca6
80177502,2026-02-09 08:24:46.000 UTC,630.91,vBNB,vUSDC,1,7.3562541090864e-05,0.046411342799637,RedStone,0.0369428540853866,1.2563009531522857,1.1420181408877,0x94d5802b07342a92b3cc129e62b808b229621f49ab8f3636368274508a3c3f74
80176610,2026-02-09 08:18:04.000 UTC,632.79,vBNB,vUSDC,1,7.5343514000831e-05,0.04767662222458585,RedStone,0.03697546921449851,1.289412230254844,1.1721174096778,0x892361d66d2ae60428e92815388b1265bb676463882a53e8c42afb61802f98b6
80157283,2026-02-09 05:53:05.000 UTC,640.51,vUSDT,vUSDT,2,7.52259701505e-07,0.00048182986141096754,Chainlink,0.040484273674251,0.01190165507939996,0.010815243333790723,0x0d1dfc3bb385587930f9c80ee6035aee29149ee9a1605aaf8ce7140e299a4a47
80157224,2026-02-09 05:52:39.000 UTC,640.51,"vUSDC, vUSDT","vUSDC, vUSDT",2,9.4668792115e-07,0.0006063630803757865,Chainlink,0.036438996277211234,0.016640498979797722,0.015120331221103414,0xceb303ba6a5e73c9880b7e028d15de6c2964acdb30b02af632dc2c2a9f608eb2
80157175,2026-02-09 05:52:17.000 UTC,640.51,"vUSDC, vUSDT","vUSDC, vUSDT",3,1.639012172612e-06,0.001049803686679712,Chainlink,0.032919116220033226,0.03189039704659035,0.028973445429002372,0x5f336066eac3de53bb627fd2873c84ece00a11a73db9b68ca4a092c8892da8f9
80157156,2026-02-09 05:52:08.000 UTC,640.51,"vLINK, vUSDC, vXRP","vLINK, vUSDC, vXRP",3,2.888642573262e-06,0.0018502044546000436,Chainlink,0.03398062256543877,0.054448809789667055,0.04947734780317681,0x305616c7699e1baa8878d9abf62268004cb228eecc34e151e82de5608d8a7d85
80157088,2026-02-09 05:51:37.000 UTC,640.51,"vADA, vBNB, vBTC","vADA, vBNB, vBTC",3,7.211084433857e-06,0.004618771690729747,Chainlink,0.03321394595628633,0.13906121533432442,0.12642552113474248,0x479684245faddebaffc921628687c9dbc9227006b714c87d6b6847852e2c5e6d
80157067,2026-02-09 05:51:28.000 UTC,640.51,"vBTC, vUSDC","vBTC, vUSDC",3,1.6087674009327e-05,0.010304316079714037,Chainlink,0.03874861801228566,0.26592731840002515,0.2416784835951803,0x3e0442926729e6257a6e86b91a6ffa42517259c679ad5877bc7f1d36837e84ed
80156949,2026-02-09 05:50:35.000 UTC,640.51,"vUSDC, vUSDT","vUSDC, vUSDT",3,4.0211972733308e-05,0.025756170655411106,Chainlink,0.0411392370227016,0.626073124331359,0.568892699303279,0xd9f347b1e185659e94f2b2a1bf2547c3996f0a7946d8f612c0348729bcd501f4
80136490,2026-02-09 03:17:08.000 UTC,641.2,vUSD1,vBTC,1,0.00182082331035234,1.1675119065979205,RedStone,0.036700961414924245,31.811480178913193,28.884306747426294,0x49d72648e9affea4d9b6b0aafe34315c4e789351a5e3e5cd2d95dfab308056b3
80022412,2026-02-08 13:01:24.000 UTC,645.01,vDOT,vBTC,1,0.000116748921127211,0.07530422161626237,RedStone,0.03677640013118132,2.0476235125692677,1.8609524472658914,0xfc2b24037c69d8d344cd64995c32dcae89b6d05f4b697ec52245f012b5aad2bb
79967240,2026-02-08 06:07:32.000 UTC,642.18,vUSDC,vDAI,1,1.4497218942792e-05,0.009309824060682165,RedStone,0.036797997650461545,0.2529981155255983,0.22983272976,0x7904d8ae03d4b3c0d52aceada7a47dba984589f020a034fd6d7c384ef7b5ba74
79941325,2026-02-08 02:53:08.000 UTC,646.53,vAAVE,vUSDC,1,2.8378052526338e-05,0.018347262299853305,RedStone,0.03681478982252572,0.49836661809833926,0.4530563864832,0x7ade521e8dce6fd90d3cacb4c09030f36f342f7db4c1a06fe6e261e26d3e38b3
79941316,2026-02-08 02:53:04.000 UTC,646.53,vBTC,vBNB,1,4.1475735e-05,0.02681530694955,RedStone,0.04091868470853027,0.6553315958359689,0.595730751719774,0x625e09a134b92cc89fc23056742af84e07a9d87395d0e3ca79babb4cdba20d72
79875006,2026-02-07 18:35:44.000 UTC,652.86,vUSDT,vBNB,1,6.817185e-05,0.044506673991,RedStone,0.04082207673065809,1.0902599170701845,0.9906636650972157,0xb137c4d2e0530b558d352ff189351197f7bdc06822cba05e97b50f4ed8d0d51a
79824873,2026-02-07 12:19:38.000 UTC,639.63,vUSDT,vBNB,1,4.88457e-05,0.031243175091,RedStone,0.04051173775259978,0.7712129082637295,0.7007526336112319,0xc77e252771516c4871dac463c3c1f6244722d5fc01ee77d19bc5822bfe09ad93
79817487,2026-02-07 11:24:14.000 UTC,635.05,vsolvBTC,vUSDT,1,6.2238515384207e-05,0.03952456919474065,RedStone,0.04098158445910773,0.9644470733965661,0.87696638433404,0x96c6decab562d65751139cfdbdbf257633233de234f77813cbe4e456a476f042
79812710,2026-02-07 10:48:23.000 UTC,632.41,vBNB,vBCH,1,7.7775371865198e-05,0.049185922921269866,RedStone,0.036858047236439956,1.3344690402545762,1.2130609294984633,0xafb27357f492706a2f1a191cf70d7b6661ef140f7b2f330805b122fbd0d02930
79811578,2026-02-07 10:39:54.000 UTC,633.4,vBNB,vUSDC,1,0.000124664708832821,0.07896262657470882,RedStone,0.03697987210081422,2.135286632669836,1.9410213688726001,0x2dc5dc47ada56b050b53c347f79210826f7bc7c5fed6c31ec7f1259ac4fdc4c9
79810879,2026-02-07 10:34:39.000 UTC,634.77,vDOT,vUSDC,1,9.1381111200719e-05,0.058005987956880396,RedStone,0.036910386274611885,1.5715356519251256,1.4282196679552,0xa985db2cfe019d3ab7cb74b9b4bbc895a175150490ec7209192d3491af9adee3
79808199,2026-02-07 10:14:33.000 UTC,634.82,vBNB,vFDUSD,1,2.0970232587931e-05,0.013312323051470358,RedStone,0.03687365909289877,0.36102527872082224,0.3281796896,0x2b061409638e05f96e860f43c6bbd1821d24331bae1b5af5a0f9854aa7c3ba0d
79804573,2026-02-07 09:47:22.000 UTC,636.36,vBTC,vUSDT,1,2.9640769449227e-05,0.018862200046710093,RedStone,0.03691812473971172,0.5109197766597443,0.46444914753552025,0xd6d1349a9e73d44932d66a15ece3647a2bd74335890343cef79d170d4ed6fd81
79804301,2026-02-07 09:45:19.000 UTC,636.36,vAAVE,vFDUSD,1,0.000266425070434515,0.16954225782170795,RedStone,0.03684481703298102,4.6015225878295185,4.1831609746,0xfc6f85f94dd35d88b12dbf6db9a8de3f6aafcae240d4790dcaf1f6a592dd2e82
79802845,2026-02-07 09:34:24.000 UTC,638.5,vBTC,vUSDT,1,3.1394024798301e-05,0.02004508483371519,RedStone,0.03698263970912073,0.5420133606301669,0.49271440898126273,0xcf3d3225444b6b69925bd386c3cce9b7025516dd4fbe344081b9958652b61a68
79802689,2026-02-07 09:33:14.000 UTC,638.5,vCAKE,vUSDT,1,9.249889474861e-05,0.05906054429698748,RedStone,0.03698769465980366,1.5967619728723312,1.451547023477063,0xc08999fa8a1673478d1775adc76d0caed01835e2e5d54ac7f58e1e0e084f3c66
79802667,2026-02-07 09:33:04.000 UTC,638.5,vBNB,vUSDT,1,3.1902464021698e-05,0.020369723277854173,RedStone,0.03698477450282803,0.5507596991377252,0.500652291278622,0xbabd0d2352a095ffa7aa82412d1caec476e4795197daef9901a243e51e2a8f13
79802568,2026-02-07 09:32:20.000 UTC,638.5,vBNB,vUSDT,1,3.1834974632082e-05,0.020326631302584355,RedStone,0.036906386278238786,0.5507618965818283,0.5006542902416784,0x2bcb8a16c9b2e4144a42164c4bca68d2426f3c23f4b941efd3f13545362446a8
79802101,2026-02-07 09:28:48.000 UTC,639.95,vTRX,vUSDC,1,4.1412294558397e-05,0.02650179790264616,RedStone,0.03691439429456663,0.7179258500402081,0.65253765625862,0x7fa6da2d4a395d7218cd52baf090dd969346090aeba026c03507c877197adee9
79801775,2026-02-07 09:26:22.000 UTC,639.95,vBNB,vUSDT,1,3.1331122102854e-05,0.02005035158972142,RedStone,0.036839104318141455,0.544268161803478,0.49475135233583567,0x726198b0504b46f18c38bd127a1cb64c4963256e32ce4077576431571ed8d4f0
79801769,2026-02-07 09:26:19.000 UTC,639.95,vBNB,vUSDT,1,3.1421047908138e-05,0.020107899608812912,RedStone,0.03682981576602878,0.5459679661867902,0.4962965507785097,0x17c6c219dd4a8e026c96007baca77ca4eeb6e4043c5089edf34534614c800c00
79801762,2026-02-07 09:26:16.000 UTC,639.95,vBNB,vUSDT,1,3.1421111186347e-05,0.020107940103702763,RedStone,0.03682981466469292,0.5459690820268867,0.49629755026003797,0x606b04ad70261963827e7f657330dc22aa198957ba6d2e1e1e4e10665e2872dc
79801753,2026-02-07 09:26:12.000 UTC,639.95,vBNB,vUSDT,1,3.1421111186347e-05,0.020107940103702763,RedStone,0.03682981466469292,0.5459690820268867,0.49629755026003797,0x8f07a92ab6e307c545ba003a93a850f174f095cf07d2970350ffc2fde19be3b5
79801749,2026-02-07 09:26:10.000 UTC,639.95,vLINK,vUSDC,1,3.1698932012492e-05,0.020285731541394257,RedStone,0.03683178725664601,0.5507669611589064,0.50068573992683,0xca94d7890afe365b294193ba4e0a1f1406fbd464f58c1724d6e1a8e2f549fd1a
79801745,2026-02-07 09:26:08.000 UTC,639.95,vasBNB,vUSDC,1,3.1797766734138e-05,0.020348980821511615,RedStone,0.03682908362297143,0.5525247662914787,0.50230034397725,0x9570d955def51a96404eda01ecbfb47598c260ee5e6b6695737518ffa99e9d4f
79801741,2026-02-07 09:26:06.000 UTC,639.95,vCAKE,vUSDT,1,3.1005297434321e-05,0.019841840093093727,RedStone,0.036827319391579114,0.538780460291409,0.4897819301773781,0x511008fb6e45c51647023e413e390d5f1491d95d2f37a5d338b9a58d347e9fad
79801736,2026-02-07 09:26:04.000 UTC,639.95,vBNB,vUSDT,1,3.2333032166007e-05,0.020691523934636177,RedStone,0.03682658298456463,0.5618638021156824,0.5107460552324159,0xb21bcd1a4ff0775a34d8b2062d91b9dcb94e0fbc5074ce485b19fa4a937a6e38
79801726,2026-02-07 09:25:59.000 UTC,639.95,vUSDT,vDAI,1,3.2483601500684e-05,0.020787880780362727,RedStone,0.03681009692165142,0.5647331172370658,0.51313428216,0x4ee261c8bdd058ba4450d2752e284de6aab049c179033c2a6d226aa7904c93bb
79801719,2026-02-07 09:25:56.000 UTC,639.95,vETH,vBNB,1,3.6984599999999e-05,0.023668294769999362,RedStone,0.04091473475990032,0.578478509243476,0.5258117562616116,0x762b103ac01eae474767a4f9c586e0316bd65a0451c5f029faf2ff416ece2791
79801714,2026-02-07 09:25:54.000 UTC,639.95,vLINK,vETH,1,3.5176951095888e-05,0.022511489853813526,RedStone,0.03682987739368926,0.611229019667354,0.555649983919,0xd73e3575c39d610b4cb30f6d062630c0e8e39cfe68b730f11f8df3919a1fc06e
79801709,2026-02-07 09:25:52.000 UTC,639.95,vBNB,vDAI,1,3.6854161482196e-05,0.023584820640531332,RedStone,0.03682789970295036,0.6404063449385875,0.5821429543200001,0xf9392d34b116f7da429561ea0183b99f17afad1c1bb4033fc7ae9a4e2e89051a
79801705,2026-02-07 09:25:50.000 UTC,639.95,vBNB,vUSDT,1,4.0324740476496e-05,0.025805817667933616,RedStone,0.036826175302022916,0.7007466145015625,0.6369935655102223,0x896286dccc670384e572eadb2637963c8cd2d78884c8f576592044fb3fb51944
79801701,2026-02-07 09:25:48.000 UTC,639.95,vUSDT,vUSDC,1,3.3331054358489e-05,0.021330208236715036,RedStone,0.03680921070741577,0.5794801851705488,0.52653392860554,0x6ea30fbf9e31001fbc4aed772bbb2ba5ac05b6d9d31b8e230a22099231d833af
79801696,2026-02-07 09:25:46.000 UTC,639.95,vDOT,vCAKE,1,4.148381538101e-05,0.02654756765307735,RedStone,0.03681619326200756,0.7210839932349304,0.65532389258328,0xa1a25e2aa72f5b549e47dc0500f28ae883cdafcf6b7e017b1cafd2d7241c74b9
79801691,2026-02-07 09:25:44.000 UTC,639.95,vBNB,vDAI,1,4.0350902422262e-05,0.02582256000512657,RedStone,0.03682561885950802,0.7012118412358856,0.6374164734000001,0xb26d9b1d4edd3ef137caffdac818a72559a012c584fab9372e586ae86d483ce5
79801683,2026-02-07 09:25:40.000 UTC,639.95,vBNB,vUSDT,1,4.3007264625002e-05,0.027522498996770034,RedStone,0.036828165186456194,0.7473220253419418,0.6793316030468802,0xb11bb4ac307a940caaa82df4f1e8581ab0857127ff68b087d367e9c4f0ae5c18
79801678,2026-02-07 09:25:38.000 UTC,639.95,vUSDC,vETH,1,3.7981932900567e-05,0.024306537959717853,RedStone,0.03680177542052092,0.6604718843581759,0.5999527658674001,0x75b557f40df25f291b6f7ef8cc541f27ce1c9abda96a0031d5335ac32bcedacd
79801674,2026-02-07 09:25:36.000 UTC,639.95,vLTC,vDAI,1,4.729608892765e-05,0.030267132109249622,RedStone,0.03682993881360528,0.8218078303749095,0.74707675992,0xf1fbfc33bc0aedee3ab732a3fe1d357fafe0941825a880bb06815559ee38bee5
79801669,2026-02-07 09:25:34.000 UTC,639.95,vCAKE,vUSDT,1,4.5039058267576e-05,0.028822745338335263,RedStone,0.036827337749176445,0.7826453689007106,0.7114689321062216,0x085241c2019d1fbf77bfa955bdbac2f618fa746de816f4cc26c775fac68120b8
79801664,2026-02-07 09:25:32.000 UTC,639.95,vXVS,vETH,1,4.9304687410718e-05,0.03155253470848899,RedStone,0.03683069963555485,0.8566911576675416,0.7788101438414001,0xdd5b54a61d3d759a655af593a56710dc3c74711893ee29861c80480175a47355
79801660,2026-02-07 09:25:30.000 UTC,639.95,vBNB,vUSDT,1,4.9984042377588e-05,0.03198728791953744,RedStone,0.036825899473703905,0.8686084624322199,0.7895834109465782,0x691a7d0d9a6ecb9e6cec71f1a9102d075cc63ae3520984c721790a0e70d73617
79801655,2026-02-07 09:25:28.000 UTC,639.95,vDOT,vUSDC,1,2.9653291541295e-05,0.018976623921851735,RedStone,0.036824540351349536,0.5153254797152216,0.46832976516168,0x0d4d53eac1a30d7e57e77d40c9777efbdee4ecb9020ab45cbbf3025e81e1c769
79801651,2026-02-07 09:25:26.000 UTC,639.95,vADA,vDAI,1,5.2737633876402e-05,0.03374944879920346,RedStone,0.0368354787981337,0.9162212600563076,0.8329127191200001,0xfd3873e542168c1e5ce2646bef4cf573b01821ee9ba5803344e443f587212478
79801646,2026-02-07 09:25:23.000 UTC,639.95,vSOL,vBNB,1,5.93748e-05,0.03799690326,RedStone,0.040914628130115115,0.9286874889627182,0.8441338353290456,0xe1cfc1a8f95f44ae38f8e1d95e4cfd0e67b9e8ea53a8140736c2c9414b137012
79801640,2026-02-07 09:25:21.000 UTC,639.95,vETH,vUSDT,1,5.3469656886186e-05,0.034217906924314735,RedStone,0.036830718923986046,0.9290588922506827,0.8444739369965244,0xfa1b5c8d2de49020bcab67ad6d933633dc84af98a37171f565f97c6a4a86c71c
79801636,2026-02-07 09:25:19.000 UTC,639.95,vDOT,vUSDC,1,5.1969365071692e-05,0.0332577951776293,RedStone,0.03682521909768346,0.9031255208396419,0.82076392177672,0x744e9e2e850dd25fee15a0e34aaa5abd88b6eb2af012294b2147a41000365be2
79801631,2026-02-07 09:25:17.000 UTC,639.95,vBTC,vUSDT,1,1.3158082986568e-05,0.008420515207254191,RedStone,0.03683529085069197,0.22859912363352516,0.20781020039062453,0xc802093ccbd4c224488a95cc38eab7caade6315e0ed7805f100a12cd82d564b1
79801627,2026-02-07 09:25:15.000 UTC,639.95,vADA,vUSDT,1,4.9074138576697e-05,0.03140499498215724,RedStone,0.036836157858712755,0.8525589205750759,0.7750389557474885,0xf4a48a95bad56a5d7a8953793e6d9b414626df3917c472a1baacf58536bd4d14
79801621,2026-02-07 09:25:12.000 UTC,639.95,vBTC,vUSDT,1,4.6487029067379e-05,0.029749374251669194,RedStone,0.03683530476250845,0.8076320921864225,0.73418015087264,0x3f30c68925b67c6850fc40d8ff9d5ec01d6d427f02aff257467365019eecb3b3
79801616,2026-02-07 09:25:10.000 UTC,639.95,vBTC,vUSD1,1,5.4977871608184e-05,0.03518308893565736,RedStone,0.03683199293218457,0.9552317464992136,0.8683593480550401,0xb866a6adf2475661441403ab2bfa481a5ff61bb127764e8557aeacd82666972e
79801612,2026-02-07 09:25:08.000 UTC,639.95,vUSDT,vBNB,1,6.212745e-05,0.039758461627500005,RedStone,0.04090550598133455,0.9719586807126173,0.8831522170556161,0xd4a6a3b3d876857f4fccb4b9202af878f9976fd23d3156dbc865c66f544869bc
79801607,2026-02-07 09:25:06.000 UTC,639.95,vCAKE,vUSDT,1,5.6427491536213e-05,0.03611077320859951,RedStone,0.03683200851266841,0.9804182467046068,0.8912556694077807,0x53a8709eab36b790010c90439ab9b7a33dd0a36e0a0e73b751fddf9cb2fb9ea3
79801603,2026-02-07 09:25:04.000 UTC,639.95,vUSDT,vBNB,1,6.236325e-05,0.039909361837500004,RedStone,0.04090531416074148,0.9756522509684735,0.8865083091735706,0xf1a63152512d6aa8863d6921f50d6d2815ba438fb3e8a0810ebb986406e71e30
79801594,2026-02-07 09:25:00.000 UTC,639.95,vBNB,vUSDT,1,5.7312559740537e-05,0.036677172605956654,RedStone,0.03682539313953982,0.9959750454524267,0.9053623516974971,0xcd5b5fe01a72ecf4d8fd39d0a367d2d30d6478aa8d17c9e8c55724417f2a2846
79801589,2026-02-07 09:24:58.000 UTC,639.76,vETH,vUSDC,1,5.5533858767287e-05,0.035528341484959536,RedStone,0.03681184970642813,0.9651332863818449,0.87726434135912,0xb54e927817e0d42e42a2b1942108ceeffa7f9bfe94d56cfc4f891ad0c0dc4342
79801585,2026-02-07 09:24:56.000 UTC,639.76,vUSDT,vBNB,1,6.469425e-05,0.041388793380000004,RedStone,0.04088741985924859,1.0122622929614378,0.91977333987213,0x54a3246ee4675b1e937302f411a9a9dcbacb1295309b7e36194e005346065d5b
79801580,2026-02-07 09:24:54.000 UTC,639.76,vADA,vUSDT,1,5.6720766846315e-05,0.036287677797598485,RedStone,0.036823601388933834,0.9854461929001761,0.8958432896224469,0xc59fb35a45dccef6616925136291b2a32ae6b784307d17e44a9c30930377a948
79801572,2026-02-07 09:24:50.000 UTC,639.76,vUSDT,vBNB,1,6.498045e-05,0.041571892692,RedStone,0.04088933599328247,1.016692780211194,0.9237990164775705,0x27cf78a560236b01bde03727351fef81e7624c8567de896fd674129dd9219879
79801567,2026-02-07 09:24:48.000 UTC,639.76,vBNB,vUSDC,1,5.8190529916742e-05,0.03722797341953486,RedStone,0.03682430349647062,1.0109620518172988,0.9189859453992001,0x0696acfa2708b9204123828bceb52ff95b58c6d9e92858a42a63f57f0d61536c
79801563,2026-02-07 09:24:46.000 UTC,639.76,vETH,vUSDC,1,3.2226014389354e-05,0.020616914965733115,RedStone,0.03682056684059228,0.5599293203439852,0.50895125518011,0xa1610e649b9948950e350e7c3e2f4a9b7cd6ea237c7d4f55192c36bf9b67a78a
79801557,2026-02-07 09:24:43.000 UTC,639.76,vXVS,vBCH,1,3.5025259796937e-05,0.022407760207688414,RedStone,0.03682429548877013,0.6085047903909484,0.5531861732650001,0x79e3c0c8e255eebf04fbeb6681727dc5d72e5725c5f65e7d9d502c6bd1bbbcfa
79801550,2026-02-07 09:24:40.000 UTC,639.76,vDOT,vUSDT,1,6.0700345356405e-05,0.03883365294521366,RedStone,0.03681549658756528,1.054818121299769,0.9586227233748681,0xef77cc1b9600adbfaa34c0b7c2f9be360e76411068ac41147ee592935b105fa4
79801545,2026-02-07 09:24:38.000 UTC,639.76,vTWT,vUSDC,1,6.0622890161906e-05,0.038784100209980986,RedStone,0.03682270775200389,1.0532658399590495,0.95751169237075,0x4e17789e7eda02df856f902830fdb12c8a3b4f442b3a3e0fbb44adf6441c28dc
79801540,2026-02-07 09:24:36.000 UTC,639.76,vBTC,vDAI,1,6.4726960580017e-05,0.04140972030067167,RedStone,0.036821337382285935,1.1246120658450913,1.0223336664000002,0x8599e539642691d72e0c7a49c603aadb90f52b839a40c6b91adccc93d969dd4b
79801535,2026-02-07 09:24:34.000 UTC,639.76,vFIL,vUSDC,1,6.1435083516107e-05,0.039303709030264616,RedStone,0.036822260475764486,1.0673899028044016,0.97033992657462,0x1188bb63585c0367bfd5ff973d5b193514c8b498ccb5a56a9b5a64d96ecfa6c1
79801527,2026-02-07 09:24:30.000 UTC,639.76,vLINK,vUSDC,1,3.6438495830898e-05,0.023311892092775302,RedStone,0.03682411471538815,0.6330604896533649,0.5754963185323599,0x33e83bf2547cd07cc6fbdb2d0310004567ff9d9ffe4adda50015868c9f540bdf
79801522,2026-02-07 09:24:28.000 UTC,639.76,vXVS,vUSDC,1,6.2860123102352e-05,0.04021539235596072,RedStone,0.03683013952235555,1.0919152867056166,0.99265026132384,0x307152089f39d7491db9e9a74735330455f6cdeb9afcbba26863e1e525a84c89
79801518,2026-02-07 09:24:26.000 UTC,639.76,vETH,vUSDC,1,6.342609279063e-05,0.04057747712373345,RedStone,0.036823837033946885,1.1019350614203018,1.0016112003807,0x41bd7b4b5617046764572d169ec69e3fece48b5661bdeb6f588388c0dcb06b42
79801514,2026-02-07 09:24:24.000 UTC,639.76,vCAKE,vUSDT,1,6.6517129109675e-05,0.04255499851920568,RedStone,0.036832409572974435,1.1553683023342074,1.0502951691459321,0xed4b28b4a99d36ed6bcdb498e3aeb170564d2c71a4f0e037c478ce1abacbb9c3
79801509,2026-02-07 09:24:22.000 UTC,639.76,vBTC,vUSDT,1,6.4178814868795e-05,0.041059038600460285,RedStone,0.03682863055251046,1.1148673731410699,1.0134742696452126,0x92890b199abb5e601863992917fd307316fec3ed2003388ee39899eb57062eed
79801500,2026-02-07 09:24:18.000 UTC,639.76,vXVS,vUSDC,1,6.6461799760826e-05,0.042519601014986044,RedStone,0.03684193293566518,1.1541088544196483,1.0491898681440002,0xbe6e862ec4bd6d8941a56eaea48ca8b1c0b28a9916dfc5289ed41a475350a1e1
79801496,2026-02-07 09:24:16.000 UTC,639.76,vETH,vBNB,1,7.4278349999999e-05,0.04752031719599936,RedStone,0.04092038700763233,1.1612870911298088,1.0555592807327636,0xd05f10ffece9f11abac6f08faa030d3164b4bfac88f59ad0fedb9506953029e5
79801492,2026-02-07 09:24:14.000 UTC,639.76,vADA,vUSDT,1,6.8293180856183e-05,0.04369124538455163,RedStone,0.036855929569545816,1.1854604101656918,1.0776709682046919,0xeb9b5fff4da8e3981fbcc7041dcd9b006ada326eff7480ec661772cc2631ccf1
79801482,2026-02-07 09:24:10.000 UTC,639.76,vFIL,vUSDT,1,6.8634440160975e-05,0.043909569437385366,RedStone,0.03684138120652163,1.1918545939209393,1.083487950699105,0x4aefb17c7dc10e834875f5c1854b3df7ccf2a89a4a7b7fdaedab1d27ae63133e
79801478,2026-02-07 09:24:08.000 UTC,639.76,vADA,vUSDC,1,6.7559712252812e-05,0.043222001510859004,RedStone,0.03685409701396815,1.1727868815908675,1.0661497956525,0x683fe3e5ff1f832b458a91b087e5840eb3169cafefd87239bd63e45dc98adaf6
79801473,2026-02-07 09:24:06.000 UTC,639.76,vBNB,vUSDT,1,6.9923506923198e-05,0.04473426278918515,RedStone,0.03685379736102556,1.213830486746354,1.1033976227418394,0x4ed473c2bc9e7dbb29ecb951790149b84a987f4a8f0578a74e4f36a9f485fee4
79801470,2026-02-07 09:24:04.000 UTC,639.76,vDOT,vUSDT,1,7.0220238471604e-05,0.04492409976459337,RedStone,0.03684315201522235,1.2193337786634608,1.1081351651857432,0x5623c8effb8ecbc748cbd1345e746ac3d4108c2e690bd9b3b6306e2cb58b1b39
79801464,2026-02-07 09:24:02.000 UTC,639.76,vBTC,vUSDC,1,3.817425375928e-05,0.02442236058503697,RedStone,0.036857909456462286,0.6626084046867994,0.6023489484121899,0x86b47ab98a37c271145927cf61b1b09ff79a4970f0d6045992535b45a840c886
79801457,2026-02-07 09:23:58.000 UTC,639.76,vETH,vBNB,1,7.976115e-05,0.051027993323999994,RedStone,0.040943698530156974,1.2462966257534223,1.1328289870413366,0x440bbd0a34956a1e1aee48c9bc84bda9398a1aee7209348dce373573714017db
79801452,2026-02-07 09:23:56.000 UTC,639.76,vBTC,vUSDT,1,7.4057004938109e-05,0.04737870947920462,RedStone,0.03685701182538254,1.2854734318579792,1.168563818383721,0xd95207f6ff3487e6a5275718a04efcf3314a98a0363ea7db927a5151ffa70029
79801447,2026-02-07 09:23:54.000 UTC,639.76,vUSDC,vUSDT,1,7.1871089082918e-05,0.04598024795168761,RedStone,0.03682930054770857,1.248469215214254,1.1340717108438234,0x6574a894a0218975dd9c015b0015fa6fb4880cb6d6ee78fd29c065fe3e50d879
79801442,2026-02-07 09:23:52.000 UTC,639.76,vBNB,vUSDT,1,7.2286609454117e-05,0.046246081264365885,RedStone,0.036855709966199045,1.254787421183282,1.1406283096691414,0xa1b5d94a038f5401dd168097c7f07153de9b998f7084f03167bf752a319142d9
79801436,2026-02-07 09:23:49.000 UTC,639.76,vBNB,vUSDC,1,7.2392732092027e-05,0.04631397428319519,RedStone,0.03686631794491253,1.2562679666681065,1.141974137145,0x16f108bee481a16c40e7d161f00a15985505edf822be7ad34cefae8b85ea4f08
79801428,2026-02-07 09:23:45.000 UTC,639.76,vBNB,vBTC,1,6.5718661119176e-05,0.04204417063760404,RedStone,0.03685737620863163,1.140726089660113,1.0369439956000002,0xce47ffce74649d48d37d2fdb0d93c2c6b6819f22099469b054b2334d7d2c8118
79801425,2026-02-07 09:23:44.000 UTC,639.76,vADA,vUSDC,1,7.4284136579395e-05,0.04752401921803375,RedStone,0.03686845259331879,1.2890158353607153,1.1718104887376999,0x8f66098f87fd720ead81568a0e6f49a60ce874371d1a9f246483f5ef0e220b05
79801420,2026-02-07 09:23:42.000 UTC,639.76,vBNB,vDAI,1,7.4726576344874e-05,0.047807074482396586,RedStone,0.03686631541352334,1.296768444205844,1.1787898464,0xb4918028f605be3014765ccdd891ac0694214e1079a479a408fa0bba32e8ba5d
79801416,2026-02-07 09:23:40.000 UTC,639.76,vETH,vBNB,1,8.32653e-05,0.053269808328000004,RedStone,0.040959331653856776,1.3005536510746278,1.182146385561819,0x42a9b38065b084dcce501cd52f477728cba3ac19fdbae1a55bc315b554ac7525
79801411,2026-02-07 09:23:38.000 UTC,639.76,vBUSD,vLTC,1,6.7591960457867e-05,0.04324263262252499,RedStone,0.0368685708204997,1.172886056068145,1.066260051137772,0x44f9990d3da1135cdffaeee9e4e0cda8a77b6344a80f7fd6ec22de2d4f04a7b0
79801408,2026-02-07 09:23:36.000 UTC,639.76,vDOT,vUSDT,1,4.8994743603945e-05,0.03134487716805985,RedStone,0.03685662826561032,0.8504542776449983,0.772896067350921,0x1a849caa09efc49230a39af202653e1dbfe7000dbee2aa683ba52b81ce37327c
79801402,2026-02-07 09:23:34.000 UTC,639.76,vBNB,vUSDC,1,7.9132242350898e-05,0.050625643366410504,RedStone,0.03686574095877848,1.3732436145259548,1.2483074644404,0xc1513fecae6b711197d0a81a743a0ce1ed754729ad4eeed9944e4a39619119fd
79801393,2026-02-07 09:23:30.000 UTC,639.76,vBNB,vUSDT,1,7.9615909984319e-05,0.05093507457156793,RedStone,0.036867171732338534,1.3815834569943304,1.2558885195068987,0x08ba3553f9ebba1dfb21cc18911674c9f554b3e68782666d5bf38f9f6edce86b
79801385,2026-02-07 09:23:26.000 UTC,639.76,vUSDT,vBNB,1,8.88102e-05,0.056817213552,RedStone,0.040944040644495694,1.3876796881217979,1.260889318820899,0xd5f0e7065a343b8d7c2b2090bcd7f34cf75d5cd433b600cdb6c84d21e7001247
79801381,2026-02-07 09:23:24.000 UTC,639.76,vBNB,vDAI,1,7.7270628865451e-05,0.04943465752296093,RedStone,0.0368558287233581,1.3412982216197122,1.2192685092000002,0xbb22545b04b3031ea5e9d9511db6bed6b3184c6d477dacd6b5867ee9c2ab27d1
79801375,2026-02-07 09:23:22.000 UTC,639.76,vXVS,vUSDC,1,8.0124330203863e-05,0.05126034149122339,RedStone,0.03686250630281112,1.390582101774081,1.2641655481192,0xc4defef7e8cb07e99447c2260f9c5384d251a019c44d90b433bdd9dabb25440b
79801367,2026-02-07 09:23:18.000 UTC,639.76,vETH,vBTC,1,7.9863285228044e-05,0.05109333535749343,RedStone,0.03685319862293416,1.3864016494269094,1.260178545840079,0x341cace3c5acebc7ba4ee9a93d635a9c3f9b7ce066a8049e07a28200322e2511
79801362,2026-02-07 09:23:16.000 UTC,639.76,vBNB,vUSDC,1,7.73840384999e-05,0.04950721247069602,RedStone,0.03684948864339506,1.3434979505358684,1.2212680737152,0x2169af8169bb374a38152d02826ae6b94102dcfec1a32cd08d8a5c5d41ced4f5
79801357,2026-02-07 09:23:13.000 UTC,639.76,vETH,vBNB,1,9.128745e-05,0.058402059012,RedStone,0.04094319116336832,1.4264168803786852,1.2965504811796769,0x32dd3ce50fade437f513ebd214f9a0ee668f59fd66738226149f981ace169604
79801349,2026-02-07 09:23:10.000 UTC,639.76,vBNB,vUSDT,1,8.2477635889517e-05,0.052765892336677396,RedStone,0.03684948515654681,1.4319302457690597,1.3016547786854533,0xf7fe30534f9d26ddfbec63cd8d0c296c61aa99a5d9cc0243779131b839e3b7ad
79801341,2026-02-07 09:23:06.000 UTC,639.76,vUSDT,vBNB,1,9.215865e-05,0.058959417924,RedStone,0.04092120073300386,1.4408037122050508,1.3091594592556843,0xdd8b67de94ed4332230bfa9f8dfa747c11cb3a9c5b3f337c59615dbec2839d60
79801336,2026-02-07 09:23:04.000 UTC,639.76,vADA,vDAI,1,7.8800445770842e-05,0.050413373186353874,RedStone,0.036851621165592215,1.3680096449440344,1.2436216884,0xb1325a78ad854a2ff21285b475dd97568366b0a668f44eca108130eb6ee34494
79801331,2026-02-07 09:23:02.000 UTC,639.76,vUSDT,vBNB,1,9.312975e-05,0.059580688859999995,RedStone,0.04092631933141206,1.4558037427585186,1.3227889540735485,0x23f8847c600e8053c220f4172c3b377a0fc0c944365bfff56bf9f2ed0512cc9d
79801326,2026-02-07 09:22:59.000 UTC,639.76,vBNB,vUSDT,1,8.4007685210714e-05,0.05374475669040639,RedStone,0.03684919949996025,1.4585054063512115,1.325812247223249,0x90115d3f2cbefc75bdfdf10a4da062df41c548b83ac609bf263214e77b4d9f32
79801319,2026-02-07 09:22:56.000 UTC,639.76,vBTC,vUSDT,1,8.4926608325985e-05,0.05433264694263216,RedStone,0.03685042133028804,1.4744104675398964,1.3403147241981523,0x7d12cf59525aabc2607774d53afaa7fee34916ebe027e1f894af96912ea4db46
79801314,2026-02-07 09:22:54.000 UTC,639.76,vDOT,vDAI,1,5.870254259033e-05,0.03755553864758952,RedStone,0.03684237872630041,1.0193570541844523,0.9263955366000001,0x4213ff4b78e059b9a69885821ce893d0122b93e82786e2997b747b584e786a7b
79801309,2026-02-07 09:22:52.000 UTC,639.76,vBNB,vUSDT,1,8.5057547879185e-05,0.05441641683118739,RedStone,0.03685406907900057,1.4765375490706352,1.3422037442865442,0x60c3f84ab418e1d972ae64483295437710bdaa132e9626da2ba04d4a2fb038f2
79801301,2026-02-07 09:22:48.000 UTC,639.76,vETH,vUSDT,1,8.3859590274694e-05,0.05365001147413823,RedStone,0.03684856164548841,1.4559594480319946,1.323403496740167,0x5612470aa2c8a3dd1e8e9b8aa705fbaac39b3ffddf5187ee4324a87c4f91a85e
79801296,2026-02-07 09:22:46.000 UTC,639.76,vBTC,vUSDT,1,7.6183912462075e-05,0.0487394198367371,RedStone,0.03685982344169787,1.3222911909447828,1.2020364547648041,0x434ea2f3414c0671a20329c4c1dec99f2aba7493836c23b4cf70d34822770c96
79801291,2026-02-07 09:22:44.000 UTC,639.76,vasBNB,vUSDC,1,8.681107110578e-05,0.05553825085063381,RedStone,0.03685626300647251,1.5068877395649272,1.36990638192,0xeebbf3f09dcfbea7b702cfe54e3fb825d6b06775132bc7c450aed246181b01fe
79801282,2026-02-07 09:22:40.000 UTC,639.76,vBNB,vUSDT,1,8.6877380493541e-05,0.05558067294454779,RedStone,0.03685810416030564,1.5079634238053252,1.3707705503,0xa73a23ed1af89e2b5ec9019192ede03ec6c190aefb86d8fa612581b91434cc6b
79801274,2026-02-07 09:22:36.000 UTC,639.76,vETH,vUSDT,1,8.7275243454293e-05,0.05583520975231849,RedStone,0.03685577990142455,1.514964814247774,1.3770373526,0x932e4ab94cf668a769efd5ce754c57ca349901215fb28f1d5867c66cea52c64f
79801270,2026-02-07 09:22:34.000 UTC,639.76,vETH,vUSDT,1,8.8761901757472e-05,0.05678631426836028,RedStone,0.03685836739246916,1.5406627663048031,1.4003954339,0x8398750620c61cee126e0996f1dd147e1be1b4a4c0c949d2d615f3394403bcd1
79801264,2026-02-07 09:22:32.000 UTC,639.76,vFIL,vUSDC,1,8.831706597528e-05,0.05650172612834513,RedStone,0.03686326563516604,1.5327379480575591,1.3933772652276,0x07de7982832d10873b252021a7f7b02080a0be9937cb1e116db9b1c4868d07ad
79801256,2026-02-07 09:22:28.000 UTC,639.76,vBNB,vUSDT,1,8.9939545291431e-05,0.05753972349564589,RedStone,0.03686460122580866,1.5608394389836155,1.4188360244,0x4a539f3801b508e7bf4040b422c31b3aa331cb67c452be662dfc05dd8709b7c5
79801251,2026-02-07 09:22:26.000 UTC,639.76,vDOGE,vUSDT,1,9.1431773614438e-05,0.05849439148757285,RedStone,0.036867682490080614,1.5866034298009097,1.4423540241,0xc0a3f69282012e6da2b567778395326922ad3cdb5fe1a101d81c82f4674ccbbc
79801246,2026-02-07 09:22:23.000 UTC,639.76,vBNB,vUSDC,1,9.0798112805789e-05,0.05808900064863157,RedStone,0.036865179146392354,1.5757145901274208,1.4323579015144,0x7a08262e5c6fb7c1f9356c79c767fabbdc5779b13b97aaab8a4e148b7390b496
79801237,2026-02-07 09:22:19.000 UTC,639.76,vBTC,vBNB,1,0.0001021995,0.06538315212,RedStone,0.04096668045462583,1.5960080581197575,1.450847779739137,0xdf1ca28e449f159d486a190e8f41eab8522d05f3dcf097f183a67f8fca6d1f36
79801230,2026-02-07 09:22:16.000 UTC,639.76,vBNB,vTRXOLD,1,7.9982480143363e-05,0.05116959149651791,RedStone,0.03687181044793457,1.387769975894532,1.261512231317,0xc09446b84a48c9e4c67971485e753795ab4944dd512dd7302371497cdd2a0a0c
79801225,2026-02-07 09:22:14.000 UTC,639.76,vADA,vUSDT,1,9.1455272364958e-05,0.058509425048205534,RedStone,0.03687295537913911,1.586784255468366,1.4425039476000001,0x7b504bca68b0bd0015a9d4cb185c915821b7582f75de2f3f2736f6f5edad6b98
79801219,2026-02-07 09:22:11.000 UTC,639.76,vETH,vBNB,1,0.0001029438,0.065859325488,RedStone,0.040966576675142176,1.6076355613077702,1.461270392371265,0x6ca1e1fdcf35f4b40e2dff0ad59e246515d7396e118047e2908e48208333b133
79801212,2026-02-07 09:22:08.000 UTC,639.76,vUSDT,vBNB,1,0.00010353195,0.06623560033199999,RedStone,0.040950011212924686,1.6174745346857107,1.4696880611057421,0x67690d899c1e3fe1f4c63d8600b459ea51982db864fef1ba3b00cbc1939554a2
79801207,2026-02-07 09:22:06.000 UTC,639.76,vADA,vUSDC,1,9.2018994899742e-05,0.058870072177058946,RedStone,0.03687827274907132,1.5963348548785117,1.4511861468292,0x46ac96e895cac8e55a1d7d6d6baf8ae45db2a42e3f6c0388616806974f9cd6a6
79801202,2026-02-07 09:22:04.000 UTC,639.76,vBNB,vUSDT,1,9.3931710257236e-05,0.06009375095416931,RedStone,0.036870080611088686,1.6298784802791046,1.4815940015,0x4f11912e392ea60b949f1e6ccfd69fd0966c247f1c1a40e5876b5482fbba7ead
79801193,2026-02-07 09:22:00.000 UTC,639.76,vETH,vUSDT,1,7.3073238537233e-05,0.046749335086580183,RedStone,0.036873515175535186,1.2678296295872924,1.1524019750999999,0xa71c582d31a42382ba6fd6cf02e0f695f3205e4cdd9a245ff9e08a49e61e9394
79801185,2026-02-07 09:21:56.000 UTC,639.76,vXVS,vUSDT,1,9.5110912948283e-05,0.06084815766779353,RedStone,0.03688271899208147,1.6497741850555356,1.4997947144,0x203c819830e0f45d8b88d44f3fbd604b08aaaa4fdc325ff4aa8490bf2c3d12e0
79801181,2026-02-07 09:21:54.000 UTC,639.76,vADA,vUSDT,1,9.5988024971899e-05,0.0614092988560221,RedStone,0.03688173511074265,1.665032804764525,1.5136376509,0xd54fc2e40d674a70cc5545083e5c9f2b344936b5deb37676c752e390e74fe830
79801175,2026-02-07 09:21:52.000 UTC,639.76,vBNB,vUSDT,1,9.535292614779e-05,0.06100298803231013,RedStone,0.036879597547369115,1.6541120860648304,1.5036227611,0xcda30ca10ec3407a3257734f58a856a99478ffe1b20ae3b6accd5342d97fca9b
79801170,2026-02-07 09:21:49.000 UTC,639.76,vETH,vBNB,1,0.000108063,0.06913438488,RedStone,0.04096982822209922,1.6874462959722334,1.5338148773662899,0x5dd6aa5b25559be802c3434076cefcef777ca37c73853b76276e811cd59ccba2
79801162,2026-02-07 09:21:46.000 UTC,639.76,vBTC,vUSDT,1,9.7012859320288e-05,0.062064946878747446,RedStone,0.03687664276115192,1.6830422248776509,1.5299693175,0x95486ca4bddc0974f08a7a537751d6c3f0fed4bcb01b62089cd4800391dfac1e
79801158,2026-02-07 09:21:44.000 UTC,639.76,vBNB,vUSDC,1,8.3344315223941e-05,0.0533203591076685,RedStone,0.03687547715822853,1.4459571296901956,1.3144055950324,0xa95c474a03a987013c7e361e1e7a04dd63c531669e122a2b589068668e094b27
79801149,2026-02-07 09:21:40.000 UTC,639.76,vADA,vUSDC,1,9.7675546057578e-05,0.062488907345796096,RedStone,0.03687624034339848,1.6945574376315928,1.5404777198297999,0x43cb79e06ab36d01d2d7ff351e0fe1c8c641bf213a485d7c18576815e2b74563
79801145,2026-02-07 09:21:38.000 UTC,639.76,vBTC,vUSDC,1,9.8578852718489e-05,0.06306680681518052,RedStone,0.036875631803035255,1.7102569835831112,1.5547119451325,0x969a162904bef883acf95b6c20df9617a2b49edf18ecc4df4f2bd05ae1268c58
79801141,2026-02-07 09:21:36.000 UTC,639.76,vBNB,vUSDC,1,0.000100607507406106,0.06436465893813037,RedStone,0.03687381375837676,1.7455384289754516,1.5867311969828,0x5182219a326ec930a0175d2ae2bf773e5248cdd225f13420138cb99b4d96447a
79801131,2026-02-07 09:21:32.000 UTC,639.76,vBTC,vUSDT,1,5.0224599272727e-05,0.03213168963071983,RedStone,0.036875881033900014,0.8713470357814951,0.79210482041,0xcf50a33237777aa3ee60b97018bcc582e692c6a979203174b4687c95ed6512e2
79801122,2026-02-07 09:21:28.000 UTC,639.76,vBTC,vUSDT,1,0.000102271520055545,0.06542922767073547,RedStone,0.03687244519466768,1.7744748775217527,1.6130869059,0xb980b182b4839f782a35426c866b74f2b9fd337fb16757e0718cf27a325bea80
79801117,2026-02-07 09:21:25.000 UTC,639.76,vDOT,vUSDC,1,0.000103163617193328,0.06599995573560352,RedStone,0.036869944077142544,1.7900747448250152,1.6268266311024002,0x5b7e8ab23888835469e746628efcda23a3b32defbfe54318f5b2bbefe85218c1
79801104,2026-02-07 09:21:20.000 UTC,639.76,vUSDT,vBNB,1,0.0001157499,0.074052156024,RedStone,0.04095530696084163,1.8081211329902391,1.6429154886058963,0x8ed32549b7a0f25876d65e50391ea15b0c2b05b234d532be0bccbf7033764bdf
79801095,2026-02-07 09:21:16.000 UTC,639.76,vADA,vUSDC,1,0.000100675350621238,0.06440806231344322,RedStone,0.03688307604899359,1.7462768622629754,1.5874944915903,0x751f2b4dc9cf276e59e83fdb9141d3fb582c5eb5ee977c0488bb24f22f5779de
79801091,2026-02-07 09:21:14.000 UTC,639.76,vDOT,vUSDC,1,0.000100549495342464,0.06432754514029478,RedStone,0.03686526154823843,1.7449366270227533,1.5858049338126,0xde66ff8dc340ac07c06cd8afe4014bf8da91c6c074ec2275a0d4144803a5be2a
79801082,2026-02-07 09:21:10.000 UTC,639.76,vXVS,vUSDC,1,0.00010598456453199,0.06780468500498592,RedStone,0.03688100681918651,1.838471637648245,1.6713378527955,0xda22f000a9f2445e436daaad10ce8a9118a371acafb1039377aa141b97f3a157
79801077,2026-02-07 09:21:07.000 UTC,639.76,vBNB,vUSDC,1,0.000106216377385797,0.06795298959633748,RedStone,0.0368775950582231,1.8426632617732235,1.67501966766,0xfaeb3a924919751fb91517fbaf2f53e2083151e03fa23a3018427f2597158354
79801073,2026-02-07 09:21:06.000 UTC,639.76,vBTC,vUSDC,1,0.000102901446653127,0.06583222951080453,RedStone,0.036888539785240676,1.7846255203938541,1.6223147814296,0x4038a7001af461c28d2bbc985baa08f5312714e5489a48b0d9d8339c4b531c8f
79801068,2026-02-07 09:21:03.000 UTC,639.76,vFIL,vUSDT,1,5.431250757141e-05,0.03474696984388526,RedStone,0.036876126474409084,0.9422619229814879,0.8565889167399999,0xca5daff49db79c55cdfb074a66f1fc5aa0c207007abc32c18ea3b2b90a976a02
79801063,2026-02-07 09:21:01.000 UTC,639.76,vXRP,vUSDC,1,3.2556458327677e-05,0.020828319779714635,RedStone,0.03687742105907142,0.5647987083031423,0.5133271285232099,0x444bb30aaa77b358a54cf29476c2d2434eeb2ee0b27ffd10e8e607aa2ec3d4e0
79801059,2026-02-07 09:20:59.000 UTC,639.76,vUSDC,vBNB,1,0.00011997315,0.076754022444,RedStone,0.040952471152299136,1.8742220013673314,1.7024863322840276,0x65f8f822ec6419bbb496a17a323ef803162a1f1bda24f8d3c1eb16ab05864f09
79801055,2026-02-07 09:20:58.000 UTC,639.76,vBNB,vUSDT,1,0.000106639886036853,0.06822393349093707,RedStone,0.0368836589401956,1.8497062236031854,1.6814220372,0xdb38683121cc1009f4ec1da98b543ed1dc4cd33f1701ccba2109d551f8842126
79801050,2026-02-07 09:20:55.000 UTC,639.76,vBNB,vUSDC,1,0.000108478408553781,0.06940014665636693,RedStone,0.03688366027131936,1.8815959735517982,1.7104105553871,0xe1208728b4a3d9ef27c9596d0d3c5722337535996855d23384b528acc3f2242e
79801045,2026-02-07 09:20:53.000 UTC,639.76,vCAKE,vFDUSD,1,4.1336564178625e-05,0.02644548029891713,RedStone,0.036898034381248994,0.7167178615985114,0.65153708988,0x87c03cd989aa498e19dedcc5f3e42d8e018b31fda0024d28975339d7dc2a9b9c
79801041,2026-02-07 09:20:51.000 UTC,639.76,vDOT,vUSDC,1,7.2653695958912e-05,0.046480928526673536,RedStone,0.03688777140846964,1.2600633421839427,1.1451502700985001,0x3b3ce149c11a890a97f1e25823363af193b451214804a9247dac81d3a8e2c033
79801037,2026-02-07 09:20:49.000 UTC,639.76,vLINK,vDAI,1,2.5587851764211e-05,0.016370084044671628,RedStone,0.03690238438603496,0.4436050492950421,0.40326805332,0x0e82f854523756de8080aaea2ff7c6c4b73cced9d6629602e44f0778de2aad36
79801032,2026-02-07 09:20:47.000 UTC,639.76,vETH,vBCH,1,5.9793526912955e-05,0.03825350677783209,RedStone,0.03689776087903604,1.0367433108811308,0.9423541851625825,0x53f8f898416a633ea0be2fc77334d0b2e727e9a9fb8d7f8f2efe32c24baf0bb1
79801029,2026-02-07 09:20:46.000 UTC,639.76,vADA,vUSDT,1,5.5601095882418e-05,0.035571357101735736,RedStone,0.03690973660215672,0.9637391207949509,0.8761099559300001,0xf35e2844c09881ec1b1157c0c4772fb440e64915ab1f049f06b6cfb04b5e577c
79801022,2026-02-07 09:20:43.000 UTC,639.76,vBNB,vXRP,1,4.5707240122974e-05,0.02924166394107385,RedStone,0.03690211047508111,0.7924116958248193,0.72031900344327,0x3784e8b590a5441b596e11f3f98356bbf084ea6e43ebe03ebf9ae9337b995c43
79801018,2026-02-07 09:20:41.000 UTC,639.76,vBTC,vDAI,1,4.311652044829e-05,0.02758422512199801,RedStone,0.036908902789449,0.7473596622298782,0.6793897176,0x08e33772681c9d0ceb51a9d3f31bd66ac1d16c5b05d39c4c14115fd8c51ed0f3
79801014,2026-02-07 09:20:39.000 UTC,639.76,vMATIC,vUSDC,1,4.148737499229e-05,0.02654196302506745,RedStone,0.036901541830414546,0.7192643371662957,0.65387667162276,0x4c90acc6f300c9d30f2fd4ac82536cbbadc413999a3df3200d0d60d01472207f
79801010,2026-02-07 09:20:37.000 UTC,639.76,vDOT,vUSDT,1,0.000113237091137532,0.07244456142614747,RedStone,0.036893283548471205,1.9636246616804442,1.7845494154000001,0x271efc70cf3b8ea2365650e256920453fe04a7a2e6244d905f7ce8a6a2b5de52
79801005,2026-02-07 09:20:35.000 UTC,639.76,vCAKE,vUSDT,1,0.000113978171995739,0.07291867531599398,RedStone,0.036904471344578145,1.9758764360868402,1.796183479,0xa6fc9ad08095610f662bd183e3847a6bf75320a353ad8cbb983f1152093414e7
79801000,2026-02-07 09:20:33.000 UTC,639.76,vADA,vUSDC,1,0.000115807725131693,0.07408915023025191,RedStone,0.03690453490533633,2.0075893225669335,1.8250467938582,0xcda2287f49c44088d21370be78c1b5c0ee47d914365dc21dcfd57fb5d118ea6b
79800995,2026-02-07 09:20:31.000 UTC,639.76,vXRP,vUSDT,1,5.8285685743212e-05,0.03728885031107731,RedStone,0.03687069439742167,1.011341145603292,0.91917498156,0x2470174b40aa503078973f5847f955517a0121b921ba9cc72a2ab3a9e0380ba5
79800991,2026-02-07 09:20:29.000 UTC,639.76,vBNB,vBTC,1,5.8618763626365e-05,0.03750194021760327,RedStone,0.036903029044298076,1.0162293228717423,0.923773850216,0x57e1fd3c5858c9af011b77944b7b970c25ad9763825ce2c68679b4db19177733
79800986,2026-02-07 09:20:26.000 UTC,639.76,vADA,vUSDC,1,0.000115711950600439,0.07402787751613685,RedStone,0.03687130130494018,2.0077370446976404,1.8251810839704001,0x4f781b4150132278be83ca4ff419009c3831989a64d091c242a5377c086a734a
79800981,2026-02-07 09:20:24.000 UTC,639.76,vDOGE,vUSDT,1,6.3143051051986e-05,0.04039639834101857,RedStone,0.03686798531431514,1.0957039826457078,0.9960857370599999,0x7b1c07b6b976703ee599b5fae9d685182444a0ef08071e4c5353af395c3d6ce7
79800978,2026-02-07 09:20:23.000 UTC,639.76,vUSDC,vUSDT,1,0.000104219022555774,0.06667516187028197,RedStone,0.03685049998730932,1.8093421227186537,1.6435513611,0x294334b6a39ed100aeef8a9de06b5dd6f33caf436b1333127fdb274de61ba744
79800972,2026-02-07 09:20:20.000 UTC,639.76,vBTC,vUSDT,1,6.5962900087922e-05,0.04220042496024898,RedStone,0.03686674919845007,1.144674425539617,1.040569039,0x8cdd1150a8b24e9b392ad5022ed856de545b5ecc0a4451f11097d33d3f23b262
79800968,2026-02-07 09:20:18.000 UTC,639.76,vUNI,vUSDC,1,0.000117949222392496,0.07545919451782324,RedStone,0.03686829698498348,2.0467230842953743,1.8606566544552,0x843a2d26ad480bfa72de428f44da60807d5f7e93fb2a122a9b74888f68acafc9
79800963,2026-02-07 09:20:16.000 UTC,639.76,vCAKE,vUSDT,1,0.000115624210624269,0.07397174498898233,RedStone,0.0368634875212292,2.006639902054383,1.8241492092,0xcd786b54d2f45f91100b6d9eff270f4ae6e938fa2488ae60d9bbc13cfb8fb0b6
79800958,2026-02-07 09:20:14.000 UTC,639.76,vBNB,vLTC,1,2.0848951319652e-05,0.013338325096260562,RedStone,0.03685270021916242,0.36193616795886746,0.3290075815812,0x54a571583c1745150db8fdc83b15e734d2e4f867594f05dd0b3ea6335dbe12ee
79800953,2026-02-07 09:20:12.000 UTC,639.76,vBTC,vUSDC,1,0.000118145474710873,0.0755847489010281,RedStone,0.036863094207714844,2.0504179186675398,1.8639260160203999,0x0e47b32533af1369c3df79392272b7be4504ed8444728f356881ec935ecbaabc
79800945,2026-02-07 09:20:08.000 UTC,639.76,vBNB,vUSDC,1,0.000118754173824461,0.07597417024593717,RedStone,0.03685270379558342,2.0615629905299437,1.8740042572707003,0x0f23fda6aecdadcb864a20a785d43c01f465a3935ea99ab8cbaaa5dc3a4c0d92
79800941,2026-02-07 09:20:06.000 UTC,639.76,vADA,vUSDT,1,0.000121485135388505,0.07772133021614996,RedStone,0.03683963726979142,2.1097202897782497,1.9178913763,0x389bd42cbbd35addf2a41c24494e758c380c942b369b96109efee1cc6d02cd3d
79800935,2026-02-07 09:20:04.000 UTC,639.76,vSOL,vUSDT,1,6.9749474251781e-05,0.04462292364731941,RedStone,0.03683478125925024,1.2114344682341054,1.1011381329999999,0x96f00d80832cbbb7a0ada89123e3e35e550722b12c78c0ad542f356861f78b45
79800932,2026-02-07 09:20:02.000 UTC,639.76,vXVS,vUSDC,1,4.856368516039e-05,0.031069103218211106,RedStone,0.036840188305048344,0.8433481110614626,0.76668010150775,0xc97335447e1d8be371f39b91f05518eaa218d169eff6c33f29353cdaf9aef12b
79800925,2026-02-07 09:19:59.000 UTC,640.61,vDOGE,vDAI,1,4.4075258440781e-05,0.028235051309748717,RedStone,0.036888953130505456,0.765406684485162,0.69581811636,0x696bf9dfaa3ce2f2c5f28534ea77d3c7eff357b6161a8110fb30fb9af5204969
79800920,2026-02-07 09:19:57.000 UTC,640.61,vAAVE,vUSDC,1,0.000122119223699821,0.07823079589434233,RedStone,0.03688891290406282,2.1207129659200734,1.9279017574071,0xfb5f57cec9b8b145dd4f1293b42e50477b1d6aba96917779e8cb742c49a1f139
79800915,2026-02-07 09:19:55.000 UTC,640.61,vBNB,vBCH,1,0.00010686936593661,0.06846158451265173,RedStone,0.0368904524576896,1.8558076670697303,1.6869682684164242,0xb2810b115749d841b47fdcfdc9b5af592e829df84812ddf6ef2031b7b4e87bd2
79800909,2026-02-07 09:19:52.000 UTC,640.61,vUSDT,vUSDC,1,8.9432377508605e-05,0.05729127535578745,RedStone,0.03687463345997274,1.5536771482210634,1.4117196420492,0xf2386f85332d49fd1b619ef1e1633432fced1a3452c2c2c7cd55b1fed308b9c8
79800905,2026-02-07 09:19:50.000 UTC,640.61,vETH,vBNB,1,1.240299e-05,0.0079454794239,RedStone,0.04098925354056386,0.19384298901752334,0.17619506015328887,0x57f971063617a61af479a6f9b891699539a1a92b4d4ff13f1b9b08bf83428918
79800901,2026-02-07 09:19:48.000 UTC,640.61,vBNB,vTRXOLD,1,9.9068614964773e-05,0.06346434543258324,RedStone,0.03689291861575293,1.720231085362939,1.563726934036,0xb0007bdb864d1567f51fbf0fb99fbdc99278b9542a46dd1aaa776babc8d775ee
79800896,2026-02-07 09:19:46.000 UTC,640.61,vADA,vDAI,1,0.00012551855158962,0.08040843933382648,RedStone,0.03689215863538226,2.1795536587742235,1.9813750596000002,0x843e3d0785d2e5e9bb2b9d8e18a000b4cb58bcfcfd4b59b90ca0b6fd6a783d2a
79800891,2026-02-07 09:19:44.000 UTC,640.61,vDOT,vUSDC,1,7.2094094214009e-05,0.0461841976944363,RedStone,0.03688119915607747,1.2522423009888994,1.1380424519805,0x409f37afe76361d5583b77df9f94d3cd214def3a337d9b81785c9b692961666b
79800889,2026-02-07 09:19:43.000 UTC,640.61,vDOT,vUSDC,1,0.000125197498720705,0.08020276965547082,RedStone,0.0368711725321572,2.175216141703168,1.9768445040799998,0x6b19af90c86b9acb43052e2350165c550ab33ac338c49609d46a79d8c8aec6f5
79800884,2026-02-07 09:19:41.000 UTC,640.61,vLINK,vFDUSD,1,7.6807194923995e-05,0.049203457140260434,RedStone,0.03689287187789405,1.3336846560254585,1.2124127404,0x2a3d490bffae5fcdcc8acaef06ace4b1623ef98d445f7f2b86d1631b454fb44a
79800879,2026-02-07 09:19:38.000 UTC,640.61,vFIL,vUSDC,1,0.000126707861958999,0.08117032344955434,RedStone,0.036884229635709774,2.2006782912708203,2.0005866562635,0x03055345df0b5a08bdcc9a67c68c6519de8c708f1bc81df09a9f53ca82500a09
79800871,2026-02-07 09:19:35.000 UTC,640.61,vMATIC,vUSDC,1,7.1127185837007e-05,0.04556478651904505,RedStone,0.0368825630975692,1.2354018455416962,1.123092584365,0x6896c7f8fa0d6623e17ffae4df30977456042806306a7e2ec05796a1b21b74c9
79800865,2026-02-07 09:19:32.000 UTC,640.61,vBTC,vUSDC,1,0.000128299294565568,0.08218981109164851,RedStone,0.036882907654887415,2.228398364377799,2.02571373826,0x60c68df6f3caf250676ca14e69c4bea0e3a6f0e17a0cec80777eeab5b6cbdbcd
79800860,2026-02-07 09:19:30.000 UTC,640.61,vXVS,vUSDT,1,8.444111398239e-05,0.05409382202825886,RedStone,0.03688170019919851,1.466684608792368,1.3333496447,0xe492eec55a56f9594c1888cbeab9aa9a5a897c5c325671c2249260d167797283
79800856,2026-02-07 09:19:28.000 UTC,640.61,vBNB,vUSDC,1,8.1985520000474e-05,0.052520743967503655,RedStone,0.0368789510685997,1.4241387687466533,1.294572069864,0xc44ccf880642615a58b28427ef79804eeae9fbf0f3992f6917a2f453ad4dc0b6
79800851,2026-02-07 09:19:26.000 UTC,640.61,vBTC,vUSDT,1,0.000126941130594608,0.08131975767021184,RedStone,0.03687983626682941,2.204992372576034,2.0044372154,0x0c9ba7dfc85489fcbbc3610f2be4110678b20ff9c0da483f36c6ff115b055388
79800846,2026-02-07 09:19:23.000 UTC,640.61,vBNB,vUSDT,1,8.3465695463715e-05,0.05346895917101047,RedStone,0.0368788693256755,1.4498535380471862,1.3179475038,0x73ab769150044feba359371809c6dd6573541fd60534515f0fd61134dd636d67
79800841,2026-02-07 09:19:21.000 UTC,640.61,vXRP,vUSDT,1,8.5821764172524e-05,0.0549782803465606,RedStone,0.036883294580401786,1.4906011236798167,1.3547587205,0x7145677e49d47fd12d75fb10c1cc67d13e0ce9c5f9d76c22fcc2ac935c7ddb2c
79800836,2026-02-07 09:19:19.000 UTC,640.61,vBNB,vUSDT,1,8.4327504971173e-05,0.05402104295958313,RedStone,0.0368895334912714,1.464400274196075,1.3311707565,0x0457ba52ba192718cdf5d1c59d6bf6d8dc65b03469685e9e7adccf49a6d73c2b
79800832,2026-02-07 09:19:17.000 UTC,640.61,vLINK,vUSDT,1,0.000129675991848975,0.08307173713837188,RedStone,0.0368912302964527,2.25180175534454,2.0470454741000004,0x58cbee1616b2ee64043beb8e66b7f7732f6af8dab71e4c4ec846a13cc50f1a64
79800827,2026-02-07 09:19:15.000 UTC,640.61,vBNB,vUSDT,1,8.2563507155966e-05,0.052891008319183384,RedStone,0.03688924542319975,1.433778536600808,1.30333496,0x7f378fee5536e026131ae5e7d5f83bf7f89540c87fe459f9a770aa6808fef958
79800817,2026-02-07 09:19:10.000 UTC,640.61,vBNB,vUSDT,1,3.5105983018709e-05,0.02248924378161517,RedStone,0.036898992621030906,0.609481240113781,0.55403129986,0xf44beaa81cc0986c5ce60ca8629ff5b35997ac89e669ca68d0d26c247a51f8b5
79800812,2026-02-07 09:19:08.000 UTC,640.61,vADA,vUSDT,1,8.1872169385923e-05,0.05244813043031614,RedStone,0.036899688575931365,1.421370544154852,1.2921306771,0x986e5b8731e0d4c9cc77115ba66fad716f402408807e7301a2d745689b7671c4
79800810,2026-02-07 09:19:07.000 UTC,640.61,vBNB,vUSDC,1,0.000101082252955085,0.064754302065557,RedStone,0.036895878929837686,1.7550551428438859,1.5953820519846,0x5684dbc5e5651479649a74fe4d481d151af260b00233f58a15d49b65420b10c7
79800808,2026-02-07 09:19:06.000 UTC,640.61,vBTC,vUSDC,1,0.0001314427761964,0.0842035568591758,RedStone,0.0368988802817831,2.2820084570627723,2.0744685853623,0x692f7ea7bc070ffd43de4a4d112785cee1a06e9682aff6a2356a14e162622096
79800802,2026-02-07 09:19:04.000 UTC,640.61,vBNB,vUSDT,1,0.000134243856712192,0.08599795704839731,RedStone,0.03689610958019499,2.330813682713017,2.1187588816,0xc71e2f6853d55474b843695b261a4c38be52a76e3662a87ccbbaa91c7634b826
79800793,2026-02-07 09:19:00.000 UTC,640.61,vBNB,vUSDC,1,0.000134993832898129,0.08647839929287042,RedStone,0.036899569840572584,2.3436153772661026,2.1303958131428002,0x5e201985dabd53dae8abff0645970dc6615d15b710bccf15ea37870aac1fc9ac
79800789,2026-02-07 09:18:58.000 UTC,640.61,vCAKE,vUSDT,1,4.5226364164443e-05,0.028972461147383832,RedStone,0.03689480628199529,0.7852720766695671,0.71385674729,0x825acdf9b67d099dfd9966847e0584cfa38925c37fc3339ead0cf034424a1fed
79800783,2026-02-07 09:18:55.000 UTC,640.61,vETH,vDAI,1,0.000115404494878102,0.07392927346386093,RedStone,0.03689261166061425,2.0039045797016914,1.8214616229,0x48f14a27226fe863adbabfcf49daf7eb96b421e20099e122da51a6a6f0713985
79800778,2026-02-07 09:18:53.000 UTC,640.61,vBUSD,vXRP,1,9.3723129653872e-05,0.06003997408756694,RedStone,0.03688434924579726,1.627789979090064,1.479809072032,0x0d13debaaed9d2f7e086976427df1a0e72f9293dd38df41c81eefef50fdfeb29
79800774,2026-02-07 09:18:51.000 UTC,640.61,vBTC,vDAI,1,3.6826740637858e-05,0.023591578320018212,RedStone,0.03689456238540201,0.6394323931418316,0.58127638095,0x9990ca96be26711fb175f385fe3f0b65cc7eb6c5a81e6fbb98d53c0d22daae10
79800769,2026-02-07 09:18:49.000 UTC,640.61,vADA,vUSDC,1,9.0106833933765e-05,0.0577233388863092,RedStone,0.03687935963186062,1.565193633038063,1.4228764740071,0xf8c29b07456f40a079eac692475997f61e5ffda2622c7973da2dc0a3f13ded5d
79800766,2026-02-07 09:18:47.000 UTC,640.61,vLINK,vUSDC,1,7.1645648907388e-05,0.045896919146561826,RedStone,0.036883501828025675,1.244375313400621,1.1312242945399,0x8e761e823cdd5cf6cf29788eb8834a9c91e90561e0708c1e3928f27ca4187ec9
79800761,2026-02-07 09:18:45.000 UTC,640.61,vCAKE,vUSDT,1,0.000141476526491249,0.09063127763555903,RedStone,0.03687923858762831,2.4575148811766043,2.2340200684,0x9c2c6b1aa53e838b88f1a050611c7e8041e232c8108a36fb5e8c286df7bc9a06
79800757,2026-02-07 09:18:43.000 UTC,640.61,vETH,vDAI,1,5.4732671365716e-05,0.03506229660359133,RedStone,0.03687460624179285,0.9508520951703754,0.86428328514,0x66791a6f7abbe54ae210b09f28c29dc025abf353629d1370ea9fc14ae30b8f22
79800752,2026-02-07 09:18:41.000 UTC,640.61,vXRP,vUSDT,1,0.000107517882132096,0.06887703047264201,RedStone,0.0368842433603254,1.8673835816496567,1.6972039843,0x5218f01350feac87a62588aef14db41fda6f0a16495e0b6b4fc42388f4581683
79800748,2026-02-07 09:18:39.000 UTC,640.61,vADA,vUSDT,1,7.6608327610948e-05,0.049076060750849394,RedStone,0.03687993596721328,1.330698100844823,1.2097027368,0x0e7c0104195e5641e5ecd6d1fdca0a67c7cb9913bfcfe1cd123337de61f2586a
79800744,2026-02-07 09:18:38.000 UTC,640.61,vCAKE,vUSDT,1,0.000151695807741105,0.09717785139702927,RedStone,0.03690206439185213,2.633398781301944,2.3939084836999998,0xc67aac6c04c001e73bd6726a65c162c8231330f3c8cca3a05b0559effe9e0b64
79800738,2026-02-07 09:18:35.000 UTC,640.61,vBUSD,vUSDT,1,9.5581635148061e-05,0.061230551292199356,RedStone,0.036892738869944396,1.659691125347226,1.5088101141999999,0x0117d5203f7674c3c77d7d61e9a7d427f7e3e2a2775bee9e116bf50b32b8cf72
79800734,2026-02-07 09:18:33.000 UTC,640.61,vXRP,vDAI,1,6.779665436226e-05,0.04343121475100738,RedStone,0.03690396936302916,1.1768710927480146,1.0696197203,0xaeb063ba18bed78776b5d53598479ec1a65ace721915e7ff4a1e314c41ea7731
79800732,2026-02-07 09:18:32.000 UTC,640.61,vBTC,vFDUSD,1,5.5993550157371e-05,0.035870028166313433,RedStone,0.03691412110701869,0.9717156223853117,0.88333599698,0xf0593a9b36fdee80e9c3db9cde2e0ab20c6b1e99e07f937b9cf1f6b26a4ec9ca
79800729,2026-02-07 09:18:31.000 UTC,640.61,vADA,vUSDC,1,9.5413520187508e-05,0.061122855167319495,RedStone,0.03690276221181621,1.656321952716809,1.5057188384954,0x1a5af6d6e47e19434b73f7a8bac29771f149aa812178c301991b62471d5b644f
79800714,2026-02-07 09:18:24.000 UTC,640.61,vBNB,vTRXOLD,1,0.000156402922048607,0.10019327589355813,RedStone,0.036910219980359794,2.7145131063123364,2.4675502251459,0x3ddeb94be13d55105e836393a75ea25dc343b4dff9fe8c5ff25b9aafb11ffe5d
79800704,2026-02-07 09:18:20.000 UTC,640.61,vETH,vUSDT,1,0.000125947909307409,0.08068349018141928,RedStone,0.03691127522740197,2.185876529172906,1.9868661812000001,0xbf5b17830a27b7db75b721cc2ac27241b8cc767e8834ab1d800a14722a8579fe
79800697,2026-02-07 09:18:16.000 UTC,640.61,vBTC,vDAI,1,9.3180066202833e-05,0.059692082210196847,RedStone,0.03691503593200519,1.6170127077797058,1.4699435927,0x83bfcc5f28ab8be9e609f0b22b010eeae5f1c8df12842d17c0c71c33d2354ea0
79800685,2026-02-07 09:18:11.000 UTC,640.61,vBTC,vBNB,1,0.00011349945,0.0727088826645,RedStone,0.041016560648398315,1.7726713677378814,1.61143918963711,0x534611d10c370c589d075cb6669213914282d9474fff43ed4031f2d5f173f849
79800686,2026-02-07 09:18:11.000 UTC,640.61,vBCH,vUSDT,1,0.000126648215031574,0.08113211303137662,RedStone,0.03689384486509814,2.1990690677004556,1.9988200816000001,0xbaaa8a51ed6bd80d09552460de36482cfd0035fb4a9142ca9d76623bfb669908
79800679,2026-02-07 09:18:08.000 UTC,640.61,vAAVE,vUSDC,1,5.7610058836434e-05,0.03690557979120799,RedStone,0.03689963663054616,1.0001610628506001,0.90922830989536,0xe1e0b90d3cfd5e83453dcb684b9832e5f2e5cb8b6654cbb40ff360c62c02b8e1
79800669,2026-02-07 09:18:04.000 UTC,640.61,vXRP,vUSDT,1,7.408373415285e-05,0.047458780935657245,RedStone,0.03689092845457458,1.2864620903779995,1.1692233918000001,0x1f2a6e0604ba6968f506be646564a24ff4f50777fc367c965c7f8cc81f185e57
79800668,2026-02-07 09:18:03.000 UTC,640.61,vFIL,vUSDC,1,7.2546103246385e-05,0.046473759200666695,RedStone,0.03689944978739491,1.2594702487011726,1.1449557972416,0x4169fa644e3c4a47cc7478325eaa063846a14dce4c2d3d4a4bb54e323a7f9d7e
79800663,2026-02-07 09:18:01.000 UTC,640.61,vDOT,vDAI,1,8.5891209139612e-05,0.05502276748692684,RedStone,0.03688719050491665,1.4916497226752177,1.3556167571,0x350161bc556f8038e439c71695b2d5fa7a0ae2b26618c9f2b709085a8c0de1e7
79800653,2026-02-07 09:17:57.000 UTC,640.61,vBTC,vUSDC,1,6.4959514026309e-05,0.04161371428039381,RedStone,0.036886398100746426,1.1281587908566144,1.0255654325088,0xffa571adfa2c1a6c6e8d2564dcd65d6d6e35c1ce1d411483c0bcf10f4df5bce0
79800643,2026-02-07 09:17:52.000 UTC,640.61,vBTC,vUSDT,1,9.3045245221602e-05,0.05960571454141046,RedStone,0.03687563335361913,1.6163983942952536,1.4693802337,0x582032d3b5c10fb19e8c29bdb5caae0174fe11ca82e6d54949705c1bbda158e9
79800622,2026-02-07 09:17:43.000 UTC,640.61,vXRP,vUSD1,1,5.8327990923031e-05,0.037365494265202887,RedStone,0.03686914306921682,1.013462509694197,0.9211029814016999,0x38c889b6517aff76649f9ec45c39ddcebdf84e6378a5ee06f5b5aecb76fc9327
79800576,2026-02-07 09:17:22.000 UTC,640.61,vBNB,vDAI,1,0.000180006613644112,0.11531403676655459,RedStone,0.03687537855895497,3.127128215977358,2.8426253994999997,0x92741c6e82a3b9dd5f749b0e315bede73f39b34b3ff6d575143e1f65cd179b98
79800549,2026-02-07 09:17:10.000 UTC,640.61,vBTC,vUSDT,1,0.000241594813755058,0.1547680536396277,RedStone,0.03687692410324245,4.1968807703790985,3.815153279,0xd2b97e9d61bd8fa15c1ed6f852cc435bc2e1cdbfa42536e94d2bcf5903cc47e6
79800511,2026-02-07 09:16:53.000 UTC,640.61,vETH,vUSDT,1,0.000143182011531978,0.09172382840750043,RedStone,0.03688600408138405,2.486683789469958,2.2602866656,0xe0d7ae54cc7ae695ebc4fdc81c8fc3e42be91c260e8b7a01fed1438e52987c12
79799015,2026-02-07 09:05:38.000 UTC,640.25,vBNB,vBCH,1,0.7570975103186844,484.7316809815377,RedStone,0.032800128467719084,14778.347025640349,13433.827003367422,0xda2acd82da60a3050a09652d6f2a3d133445a62396d3355e45986495af36c8bb
79760853,2026-02-07 04:19:20.000 UTC,660.92,vBNB,vBNB,1,,,none,,1.8148047887615466,1.649693549814392,0x29b89c9da3dd375494ac32f02c58e2d8c9aa667a2cea9e471a12bf5cfa369613
79760639,2026-02-07 04:17:44.000 UTC,660.92,vBNB,vUSDT,1,,,none,,3.2541561478888634,2.9580928584510753,0x42dd1d9a9e09fc3f21cfa2e23e810b5d0e6ffa6aa9eb0ac8308f8e50b1e8ed1b
79760347,2026-02-07 04:15:32.000 UTC,660.92,vBNB,vBNB,1,,,none,,3.629242246466223,3.2990530978645802,0x7e1cf99035d83656dccf396cf898ab248c7944aad71e000a84dcc21cb4f2e740
79741559,2026-02-07 01:54:35.000 UTC,656.2,vXRP,vBCH,1,,,none,,4.543778632272567,4.129664621370481,0x7ebf90f74323038c5c9aa412c65fba217cd32f4e3c735d64980cc99359ee654d
